Business Name,Longitude,Latitude
"PARKANLEX GARAGE COMPANY, LLC",-73.96162515,40.7727369
"LAZ PARKING NEW YORK / NEW JERSEY, LLC",-73.95920715,40.7593829
"919 THIRD AVENUE GARAGE COMPANY, LLC",-73.96833251,40.759136
EASTSIDE PARKING LLC,-73.96181177,40.75580465
EAST 72ND REALTY LLC,-73.95342975,40.76730753
SP PLUS CORPORATION,-73.99081169,40.74561937
MARTIN GARAGE LLC,-73.96909676,40.75349301
EAST 102ND ST REALTY LLC,-73.94319587,40.78759753
SCR PARKING CORP.,-73.9543742,40.77987881
"CHARLES PARKING, LLC",-73.98114462,40.7412705
311 WEST BROADWAY GARAGE LLC,-74.00430751,40.72172931
HUDSON TOWER OWNERS LLC,-74.01702146,40.71023308
"TOWNSWAY GARAGE CO., LLC",-73.98260236,40.74190477
SKY PARKING CORP.,-74.00945482,40.71629164
SAVOY GARAGE PARTNERS LLC,-73.95631324,40.77979722
"SESSANTA PARKING CO., LLC",-73.98813648,40.77147736
ALVA 47 PARKING LLC,-73.98635534,40.75994376
100 RIVERSIDE PARKING LLC,-73.98952932,40.77623687
PLAZA 48 PARKING LLC,-77.51958437,40.11238534
171 EAST 84 PARTNERS LLC,-73.95579818,40.77787296
310 EAST 48TH STREET GARAGE LLC,-77.51958437,40.11238534
142 WEST 57TH STREET PARKING CORP.,-73.9791993,40.76515221
EAST 29 PARKING LLC,-73.98475258,40.74443025
8 EAST 83RD GARAGE LLC,-73.96139384,40.77938732
MP WEST 58 LLC,-73.98519814,40.7693965
"YORKVILLE CAR PARK, LLC",-73.95138989,40.78235883
512-520 W. 112TH ST. GARAGE CORP.,-73.96365127,40.80455449
"LIBERTY VIEW PARKING, LLC",-74.01664405,40.71553876
SP PLUS CORPORATION,-73.94724658,40.77980989
MPC PARKING LLC,-73.96471875,40.76007091
SP PLUS CORPORATION,-73.96223132,40.80522649
NEW YORK PARKING 56TH ST. CORP,-73.97641311,40.76312056
SP PLUS CORPORATION,-73.98832074,40.77072257
"IMPACT CAR PARK, LLC",-73.99841563,40.74776886
"350 WEST 43RD CAR PARK, LLC",-73.99074493,40.75850595
"ABM INDUSTRY GROUPS, LLC",-73.98396172,40.76157383
CA-LI AUTOMATIC TRANSMISSION CORP.,-73.96237834,40.80074715
NOBLE GARAGE LLC,-73.97352761,40.74801286
"CENTRAL PARKING SYSTEM OF NEW YORK,INC.",-73.94889038,40.83508938
SP PLUS CORPORATION,-73.97515586,40.78520172
"CHAMPION PARKING 16, LLC",-73.98915317,40.73586712
MINETTA LANE OWNERS LLC,-74.00051596,40.73061417
BENNETTE NY CORP,-73.93174434,40.85845442
SP PLUS CORPORATION,-77.51958437,40.11238534
"BOND STREET GARAGE, LLC",-73.99356354,40.72635687
SP PLUS CORPORATION,-73.96234365,40.76630072
EAST HARLEM 119 CORP,-73.93352217,40.79774237
"300 EAST 74TH STREET CAR PARK, LLC",-73.95705257,40.7699631
M H M PARKING LLC,-73.97671091,40.74767868
85 JOHN STREET GARAGE LLC,-74.00673409,40.70836496
SP PLUS CORPORATION,-73.96652461,40.77241455
NEW YORK PARKING 57TH ST. CORP.,-73.97010747,40.76132678
E 74TH PARKING CORP.,-73.95633432,40.76967738
507 WEST 28TH STREET PARKING CORP.,-74.00278632,40.75121898
MP WEST 20 LLC,-73.99622167,40.74188681
315 EAST 65TH PARKING LLC,-73.96042768,40.76467519
QUIK PARK WEST 62ND ST. LLC,-73.98343894,40.77354357
STELLMAR PARKING LLC,-73.96844056,40.76725498
301 EAST 79 PARKING LLC,-73.95469289,40.77319276
"LASALLE PARKING, LLC",-73.98837845,40.7296639
MTP 57 LLC,-73.99305379,40.7710139
"ABM INDUSTRY GROUPS, LLC",-73.96683398,40.75292422
STELLMAR PARKING LLC,-73.96842252,40.76722753
"CARNEGIE CAR PARK, INC.",-77.51958437,40.11238534
SP PLUS CORPORATION,-73.93256442,40.79481318
SP PLUS CORPORATION,,
ONE BEEKMAN GARAGE LLC,-73.96499702,40.75258058
"LM CHASE PARKING, LLC.",-73.96649694,40.7556524
"NEW 12TH STREET GARAGE, LLC",-73.99249472,40.73428366
"LAZ PARKING NEW YORK / NEW JERSEY, LLC",-73.9743457,40.73229385
"CENTRAL PARKING SYSTEM OF NEW YORK,INC.",-74.01588552,40.71135036
CHAMPION BROADWAY PARKING CORP,-73.99313013,40.7308857
"DUFORD STUDIO GARAGE COMPANY, LLC",-73.95743029,40.77773085
SP PLUS CORPORATION,-73.9562624,40.77474963
CHAMPION PARKING 74 LLC.,-73.98194614,40.7797684
"LAZ PARKING NEW YORK, NEW JERSEY LLC",-73.98851437,40.77837218
54TH & 2ND PARKING LLC,-73.96588943,40.75785076
QUIK PARK 485 GARAGE LLC,-73.97399435,40.75424354
"CENTRAL PARKING SYSTEM OF NEW YORK, INC.",-73.9464601,40.76550121
QUIK PARK EAST 46TH STREET LLC,-73.96999967,40.75222243
"CARLYLE CAR PARK, LLC",-73.96299632,40.7741454
SP PLUS CORPORATION,-73.96078858,40.76484549
164TH NY CORP,-73.92617845,40.86381414
PROPARK AMERICA NEW YORK LLC,-73.96975741,40.75319401
"LAZ PARKING NEW YORK / NEW JERSEY, LLC",-73.97870373,40.73439173
220 RIVERSIDE PARKING LLC,-73.98788226,40.77968958
"WEAP HOLDINGS, LLC",-73.98519618,40.77819065
20166 PARKING LLC,-73.96256742,40.76639686
200 CPS MANAGEMENT LLC,-73.97944781,40.76702142
5TH AVENUE PROPERTY & PARKING LLC,-73.94860847,40.79770616
COLUMBUS 60TH REALTY LLC,-73.98318365,40.76937976
420 EAST 51ST PARKING PARTNERS LLC,-73.96494204,40.75417801
SP PLUS CORPORATION,-74.01605134,40.71093588
SP PLUS CORPORATION,-73.97874176,40.762218
"WINDSOR NEW PARTNERS, LLC.",-73.95558612,40.7710028
ENTERPRISE 57 PARKING LLC,-73.99194548,40.77053075
SBC PARKING LLC,-73.95692167,40.78257512
132 WEST 56TH ST. GARAGE CORP.,-73.97981318,40.7645375
SP PLUS CORPORATION,-73.98043597,40.74583765
SP PLUS CORPORATION,-73.95695239,40.77414879
"BATTERY PLACE CAR PARK, LLC",-74.01790412,40.70628323
"RUPPERT CAR PARK, LLC",-73.9520441,40.7814753
"ABM INDUSTRY GROUPS, LLC",-73.96855471,40.76251484
"SEVEN ELEVEN CAR PARK, LLC",-73.97326601,40.7523742
SP PLUS CORPORATION,-73.97494089,40.79030138
SP PLUS CORPORATION,-73.9397612,40.8399486
CHAMPION PARKING 68 LLC,-73.97776687,40.77375396
"550 WEST 25TH CAR PARK, LLC",-74.00487595,40.74966264
LA MARINA PARKING LLC,-73.92917929,40.86710966
300 E. 34 PARKING LLC,-73.97578807,40.74473063
"ABM INDUSTRY GROUPS, LLC",-73.98237763,40.74564583
"CENTRAL PARKING SYSTEM OF NEW YORK, INC.",-73.97116129,40.75352374
MP 41 LLC,-73.99450971,40.75921159
"MUTUAL PARKING SYSTEM, INC.",-73.96103496,40.76329205
QUIK PARK TRUFFLES LLC,-73.99413851,40.75246498
FREMAN GARAGE CORP.,-73.97191517,40.78891459
EAST 81ST REALTY LLC,-73.95761544,40.77614995
PROPARK AMERICA NEW YORK LLC,-73.97415976,40.73725907
VALET PARKING CORP.,-73.99379346,40.73696536
10 WEST 66TH STREET CAR PARK LLC,-73.97932331,40.77265909
"LAZ PARKING NEW YORK / NEW JERSEY, LLC",-73.98657207,40.7592274
SP PLUS CORPORATION,-73.99457248,40.7419636
CHAMPION PARKING 76 ST LLC.,-73.98007529,40.78134357
10 WEST 21ST LLC,-73.99105057,40.74047847
SEWARD PARK GARAGE LLC,-73.98633552,40.71582735
SP PLUS CORPORATION,-73.95499628,40.77836396
"ABM INDUSTRY GROUPS, LLC",-73.97448277,40.76067458
MURRAY 38 PARKING LLC,-73.97671425,40.74843349
"CENTRAL PARKING SYSTEM OF NEW YORK,INC.",-73.97535165,40.76353754
SP PLUS CORPORATION,-73.94694233,40.77193785
SP PLUS CORPORATION,-73.97483091,40.78506441
181 EAST 73 STREET GARAGE LLC,-73.96069127,40.77068901
CHAMPION CONFUCIUS LLC,-73.9973018,40.71407972
"EAST 39TH REALTY, LLC",-73.97518786,40.7477909
SP PLUS CORPORATION,-73.99589008,40.73523626
CHAMPION PARKING 80 LLC,-73.95090969,40.7724913
IMPERIAL PARKING US LLC,-73.98143062,40.77682322
SAMO PARKING LLC,-73.95469575,40.76898507
BRISTOL 65 PARKING LLC,-73.96351393,40.76516203
338 EAST 59TH STREET GARAGE LLC,-73.96276597,40.75994404
BATTERY 17 PARKING LLC,-74.01592726,40.70488369
MP WATTS LLC,-74.01021359,40.72430078
124 WEST 20TH STREET GARAGE LLC,-73.99517517,40.74144487
W 155 Operating LLC,-73.9405069,40.83051541
59 AND 5TH PARKING LLC,-73.97318913,40.76402013
REDBALL OWNERS LLC,-73.98073234,40.74433083
575 LEX GARAGE LLC,-73.97182746,40.75721559
SP PLUS CORPORATION,-74.01613786,40.71071628
TOWER EAST GARAGE CORP.,-73.96151525,40.76924556
TWO FIFTH GARAGE PARTNERS LLC,-73.99660831,40.73192062
SP PLUS CORPORATION,-73.91456116,40.87038791
PARK 108 LLC,-73.96599671,40.80225238
ONE PARKING 89TH STREET LLC,-73.97455097,40.79002133
CHAMPION PARKING 82 LLC,-73.94655918,40.77250034
SP PLUS CORPORATION,-73.97590088,40.76209118
333 EAST 46TH ST. PARKING CORP.,-73.96946198,40.75201095
CHAMPION PARKING 113 LLC,-73.96064624,40.80411709
METROPOLITAN 51 PARKING LLC,-73.97204416,40.75691646
QUIK PARK 3RD AVE LLC,-73.9631198,40.7663147
SP PLUS CORPORATION,-74.01544187,40.71142453
SAWYER PARKING LLC,-77.51958437,40.11238534
NEW YORK PARKING 51ST STREET CORP.,-73.96917141,40.75597977
QUIK PARK BLOOM LLC,-73.9669411,40.76253086
SP PLUS CORPORATION,-73.97649646,40.74175273
"SAVANNAH GARAGE, LLC",-73.97553671,40.79041953
MP 30 YARDS LLC,-74.0022522,40.75258588
IMPARK WATER LLC,-74.00978123,40.70359708
"LAZ PARKING NEW YORK / NEW JERSEY, LLC",-73.9475644,40.83473746
"IPARK U, Inc",-73.95228909,40.77216525
SP PLUS CORPORATION,-73.97363493,40.75041453
AP 127TH MANAGEMENT LLC.,-73.95063154,40.81165574
IMPARK 85 LLC,-73.94611102,40.77308476
"LAZ PARKING NEW YORK, NEW JERSEY LLC",-73.98891534,40.77726883
"30 OPERATING, LLC",-73.99612737,40.75002499
SP PLUS CORPORATION,-73.9943595,40.74269369
79TH STREET REALTY LLC,-73.95385914,40.77282463
400 EAST 56 PARKING LLC,-73.96307776,40.75748759
SP PLUS CORPORATION,-73.98436487,40.76645678
GEMA PARKING CORP.,-73.98403018,40.73197721
SP PLUS CORPORATION,-73.96213711,40.76130522
CHAMPION PARKING 245 LLC,-73.95687871,40.77085233
345 EAST GARAGE CORP.,-73.95312941,40.77342818
150 EAST 18TH STREET PARKING CORP,-73.98558816,40.73549893
SP PLUS CORPORATION,-73.97866897,40.76407343
"CONNAUGHT CAR PARK, LLC",-73.96635177,40.7572251
"MUTUAL PARKING, INC.",-73.94629946,40.77221477
ENTERPRISE 24TH PARKING LLC,-73.98210868,40.73925327
WEST 43 PARKING LLC,-73.99937912,40.76128125
"60 SUTTON PLACE PARKING ASSOCIATES, LLC",-73.96223076,40.75528603
SP PLUS CORPORATION,-73.98653581,40.76001789
SP PLUS CORPORATION,-73.9823176,40.76787002
305 EAST 80TH PARKING LLC,-73.95418696,40.77387325
LEXINGTON 58 PARKING LLC,-73.96818343,40.76139763
SP PLUS CORPORATION,-73.98153267,40.76037401
"LAZ PARKING NEW YORK / NEW JERSEY, LLC",-73.97905155,40.72989588
"50 EAST 79TH STREET CAR PARK, LLC",-73.96161599,40.77609646
MP 17 LLC,-74.00595455,40.74369002
35 PARK AVENUE GARAGE LLC,-73.98050024,40.74821461
RAPID PARK HOLDING CORP,-73.95485707,40.76534561
EAST 71ST STREET GARAGE CORP.,-73.96316472,40.76994326
CHAMPION PARKING 33 LLC,-73.98156891,40.74679301
LHL PARKING CO LLC,-73.98379875,40.76376685
"SAM PARKING, L.L.C.",-74.00325414,40.72300292
MP BETH PARKING LLC,-73.9500049,40.77541131
"LAURENCE TOWERS GARAGE CO., LLC",-73.97827452,40.74490679
SP PLUS CORPORATION,-73.98896349,40.74818829
CLICK PARKING CORP.,-73.97094627,40.78310101
SLATE PARKING CORP.,-73.98054349,40.73606361
38TH & THIRD PARKING LLC,-73.97600337,40.74813417
ALLIANCE AMHERST PARKING LLC,-73.95469575,40.76898507
UNI. FACILITY CORP.,-73.95810901,40.81805665
QUIK PARK SWIFT LLC,-73.96935358,40.76012713
"MUTUAL PARKING, INC.",-73.94657728,40.77244271
245 EAST 40TH ST. PARKING LLC,-77.51958437,40.11238534
SP PLUS CORPORATION,-73.9625461,40.7786329
SP PLUS CORPORATION,-73.98036424,40.75658332
"ALMAR GARAGE, INC.",-73.96511456,40.76935375
43RD & 11TH GARAGE LLC,-73.99879434,40.76103422
169 LUDLOW PARKING LLC,-73.98830405,40.72185231
PRION CORP,-73.95566498,40.77186468
SP PLUS CORPORATION,-73.94351331,40.83908317
OXFORD PARKING CORP.,-73.96807874,40.753877
53RD STERLING PARKING LLC,-73.96673471,40.75657745
SP PLUS CORPORATION,-73.94952055,40.81422432
WOC CIELO GARAGE COMPANY LLC,-73.94989003,40.77453294
SP PLUS CORPORATION,-73.99092744,40.77012445
SP PLUS CORPORATION,-73.97225418,40.78131176
WEST 64TH STREET LLC,-73.98217555,40.77254429
TOWNHOUSE PARKING LLC,-73.96077068,40.77071923
225 W. 49 DEVELOPMENT LLC.,-73.98509531,40.76104973
CAPITAL PARKING LLC,-73.96557923,40.76439414
"EMBASSY GARAGE PARTNERS, LLC",-73.95851786,40.77651258
DISTINCTIVE PARKING LLC,-73.97014567,40.76470283
125 PERRY LLC,-74.00728164,40.73497261
SP PLUS CORPORATION,-73.97698306,40.75387363
WILLBE PARKING LLC,-73.98341664,40.73259195
WEST 122ND STREET GARAGE LLC,-73.95930553,40.81105529
SP PLUS CORPORATION,-73.96316023,40.7650137
EAST 44TH STREET GARAGE LLC,-73.97298109,40.75183616
"HILARY GARDENS GARAGE CO., LLC",-73.99364974,40.73045755
SP PLUS CORPORATION,-74.00557292,40.71140621
RIBAR OWNERS LLC,-74.00180055,40.73441564
RAINBOW PARKING CORP.,-73.95851236,40.76796272
206 E. 59TH ST. GARAGE CORP.,-73.96615114,40.76136137
"124 EAST 63RD STREET REALTY CO., LLC",-73.96690019,40.76494897
880 FIFTH PARKING LLC,-73.96836676,40.77060629
333 GARAGE CORP,-73.95887789,40.76649716
"LAZ PARKING NEW YORK / NEW JERSEY, LLC",-73.98214987,40.73367319
"LAZ PARKING NEW YORK / NEW JERSEY, LLC",-73.96024411,40.76378035
SP PLUS CORPORATION,-74.01567706,40.71452882
45 GARAGE LLC,-73.99191419,40.76065242
"ALFRED CAR PARK, LLC",-73.98605695,40.77140576
111 EAST 82 PARTNERS LLC,-73.95845597,40.77733598
SP PLUS CORPORATION,-74.00408777,40.72701023
"COVE CLUB CAR PARK, LLC",-74.01765571,40.70803717
"44 WEST 62ND GARAGE PARTNERS, LLC",-73.98262009,40.77075479
CHAMPION PARKING 36 LLC,-73.98059771,40.74811582
231 EAST 94TH STREET PARKING LLC,-73.94946076,40.78355196
80 EAST END GARAGE LLC,-73.94609654,40.77313416
SP PLUS CORPORATION,-73.97038325,40.75810727
MTP 57 LLC,-73.99176137,40.7704731
CHAMPION 29 LLC,-73.98616352,40.74500408
MP WEST 52 LLC,-73.9847914,40.76407165
EAGLE ONE GARAGE LLC,-73.97336103,40.74942911
MP WEST 29 LLC,-74.00269973,40.75199026
MAY PARKING CORP.,-73.95805812,40.76694975
PARK GATE PARKING INC.,-73.96723281,40.79327748
60TH STORAGE CORP.,-73.96547584,40.76189639
MP WEST 97 LLC,-73.96789703,40.7939117
"LAZ PARKING NEW YORK / NEW JERSEY, LLC",-73.98503377,40.76182923
SP PLUS CORPORATION,-74.00912706,40.71999983
SP PLUS CORPORATION,-73.99212273,40.73709976
SP PLUS CORPORATION,-73.95133866,40.78822705
550 WEST 45TH ST. GARAGE LLC,-73.99580538,40.76227203
"101 CAR PARK, LLC",-73.99322631,40.74309711
CHIVIAN GARAGE CORP.,-73.99822827,40.73622169
LM MUSTANG PARKING LLC,-73.94942271,40.77184564
SP PLUS CORPORATION,-73.98891572,40.75332096
CHAMPION PARKING 83RD ST CORP,-73.95277393,40.77576655
"LIBERTY VIEW PARKING, LLC",-74.01664405,40.71553876
CHAMPION PARKING MIDTOWN LLC,-73.97474732,40.74839739
EAST 77TH REALTY LLC,-73.95118592,40.76997449
SP PLUS CORPORATION,-73.9560347,40.78057936
CHAMPION PARKING 57 LLC,-73.98363189,40.76702484
113 EAST 84 PARTNERS LLC,-73.95749113,40.77858723
EASTSIDE 65 PARKING LLC,-73.96284582,40.76562019
SP PLUS CORPORATION,-73.96701327,40.79175409
QUIK PARK EAST 102ND STREET GARAGE LLC,-73.94376624,40.78783385
INNOVATIVE PARKING LLC,-73.97300771,40.74849307
CHAMPION PARKING 75 LLC,-73.95494367,40.77073082
BETH PARKING CORP.,-74.01648738,40.70926974
CHAMPION PARKING 81 LLC,-73.94941475,40.7728063
PARK LANE HOTEL GARAGE LLC,-73.97479516,40.76505252
MP WEST 97 LLC,-73.96785731,40.79389522
SP PLUS CORPORATION,-73.97423891,40.79386389
SP PLUS CORPORATION,-73.95929955,40.76175165
PEAK TIME PARKING INC.,-73.96403091,40.76375963
403 LAFAYETTE LLC,-73.99267217,40.72840167
RAPID EAST 38TH STREET CORP.,-73.97917874,40.75006709
"200 EAST 72ND STREET GARAGE PARTNERS, LLC",-73.96084392,40.76896262
EMPIRE PARKING CORP.,-73.97350155,40.7953843
IMPERIAL HOUSE PARKING MANAGEMENT COMPANY,-73.96337542,40.76757462
605 WEST 42ND STREET GARAGE LLC,-73.99861746,40.76096011
NEW YORK PARKING 54TH ST. CORP.,-73.97374659,40.76013371
CHAMPION PARKING 90 LLC,-73.95633632,40.78314855
CHAMPION PARKING 77TH ST. CORP.,-73.96271069,40.77485345
MP WEST 97 LLC,-73.96863766,40.79333277
"LAZ PARKING NEW YORK / NEW JERSEY, LLC",-74.00431379,40.70726991
SP PLUS CORPORATION,-73.98657457,40.74681017
200 E. 70 GARAGE CORP.,-73.96188072,40.76776626
QUIK PARK MORTON LLC,-74.00913942,40.7311655
PARKWIZ LLC,-73.96300197,40.75747659
MP MAD 106 LLC,-73.94987965,40.79311205
KIPS BAY 27 PARKING LLC,-73.97977349,40.74068289
"PROPARK AMERICA NEW YORK, LLC",-73.99508135,40.74140644
250 W. 50TH PARKING LLC,-73.98503377,40.76182923
1350 SIXTH PARKING LLC,-73.97834091,40.76273119
SUTTON 53 PARKING LLC,-77.51958437,40.11238534
390 MADISON PARKING CORP.,-73.97715206,40.75573735
FLATIRON 20 PARKING LLC,-73.99188421,40.74007779
RAPID 75 CORP,-73.95908307,40.77332615
VIP CAPITAL PARKING CORPORATION,-73.99475423,40.72524256
MANHATTAN PARKING WEST 20 LLC,-74.00649251,40.74621241
SOUTH WILLIAM PARKING LLC,-74.0107696,40.70451649
MANHATTAN PARKING E 71 ST  CORP,-73.95833189,40.76790502
KAYLEE OPERATING LLC,-73.98401231,40.746335
PARKLEX GARAGE INC.,-73.97339732,40.75796528
162 PARKING OPS LLC,-73.94084492,40.83644142
AP ETON MANAGEMENT LLC,-73.95295197,40.77418291
EAST 54TH OPERATING LLC,-73.96789273,40.75789526
SP PLUS CORPORATION,-73.99687855,40.73988591
KAPPA PARKING INC,-73.98687632,40.73565005
DL GARAGE HOLDINGS LLC,-73.96533827,40.76265665
AP RIVERSIDE MANAGEMENT LLC.,-73.97613094,40.79502257
"355 EAST 76TH GARAGE, LLC.",-73.95520353,40.77085993
UNION SQUARE CAR PARK LLC,-73.98871325,40.73407201
355 E. 72ND GARAGE CORP.,-73.95707172,40.76826686
S.D. BARRON LLC,-73.99028321,40.73167049
MEMORIAL SLOAN KETTERING CANCER CENTER,-73.95792303,40.76363954
WEST 88TH GARAGE LLC,-73.97408158,40.7898044
"Y & H ENTERPRISES, INC.",-73.95428243,40.81887861
"IMPERIAL PARKING (U.S.), LLC",-73.95985892,40.76200436
GREENLUX PARKING LLC,-74.01507142,40.71618948
ABLE PARKING LLC,-73.94760009,40.80777337
LUDLOW OPERATING LLC,-73.98830405,40.72185231
AP IMPALA MANAGAEMENT LLC,-73.95371654,40.77021433
425 EAST 79 CAR PARK LLC,-73.95211583,40.77211303
CORINTHIAN GARAGE LLC,-73.97274136,40.74674185
"KRD REALTY CO., INC.",-73.98943086,40.75959001
REALPRO PARKING LLC,-73.97235854,40.74738678
"THE SOCIETY OF THE NEW YORK HOSPITAL FUND, INC.",-77.51958437,40.11238534
2211 3RD AVE PARKING LLC,-73.93792566,40.80079696
CHURCH STREET PARKING LLC,-74.0092019,40.71334104
"BARROW STREET GARAGE, LLC",-74.00220102,40.73291425
LTG PARKING CORP.,-73.98600869,40.7777214
BEAVER STREET PARKING LLC,-74.01062534,40.70456865
MANAGEMENT SYSTEMS LLC,-73.97871861,40.74428931
WORTHY PARKING LLC,-73.98927066,40.76815633
TGL GARAGE LLC,-73.99904737,40.73654833
EAST PLAZA GARAGE LLC,-73.97610365,40.74024578
SELECT PARKING LLC,-73.96517038,40.75926409
JDS PARKING LLC,-73.99577309,40.7592336
815 TENTH PARKING LLC,-73.98990617,40.76728631
OMEGA PARKING SYSTEMS LLC,-73.98233238,40.73934937
225 EAST 63RD PARKING CORP,-73.96409587,40.7637871
QUIK PARK PCVST GARAGE LLC,-73.97630096,40.73336747
QUIK PARK REAL LLC,-73.98050024,40.74821461
GLOBAL PARKING LLC,-73.98710362,40.75442691
NORTH PLAZA GARAGE LLC,-73.9767457,40.74105286
AP SAINT NICHOLAS MANAGEMENT LLC,-73.94528297,40.82295608
CHAMPION 58 LLC,-73.97508422,40.7643362
HANOVER PARKING LLC,-74.00940626,40.70446995
"CLARITY 47 PARKING, LLC",-73.98309974,40.75857644
333 RECTOR GARAGE LLC,-74.01725211,40.70944804
"LAZ PARKING NEW YORK, NEW JERSEY LLC",-73.95429749,40.76538381
UNI. FACILITY CORP.,-77.51958437,40.11238534
CLIFF PARKING LLC,-74.00616417,40.70800542
185TH OPERATING LLC,-73.93471486,40.85215431
RIVER YORK STRATFORD LLC,-73.95297444,40.7679304
QUIK PARK PCVST GARAGE LLC,-73.97905155,40.72989588
QUIK PARK LIBBY 2 LLC,-73.9691076,40.75347655
310 LEX PARKING MGMT LLC,-73.97799897,40.74878507
PLAZA 48 PARKING LLC,-77.51958437,40.11238534
TENTH AVE NY CORP,-73.91840741,40.865184
EAST 71ST STREET LLC,-73.95639366,40.76727301
QUIK PARK BLEECKER STREET GARAGE LLC,-74.00460058,40.73410541
QUIK PARK SOUTHERN LLC,-74.01260867,40.70270201
QUIK PARK PCVST GARAGE LLC,-73.97433129,40.73224444
LITTLE LIBERTY 1 LLC,-74.01507503,40.71621967
SP PLUS CORPORATION,-73.96999558,40.76129931
ONE PARKING 1411 LLC,-73.98702422,40.75437475
ENTERPRISE PARKING SYSTEMS 11 LLC,-73.98724809,40.73506271
GRAMERCY 24 PARKING LLC,-73.98083882,40.73799048
QUIK PARK PCVST GARAGE LLC,-73.9747038,40.7299554
111 EIGHTH AVENUE PARKING LLC,-74.00184402,40.74070387
TWOTWOTWO 58 GARAGE LLC,-73.96673664,40.75992604
39TH AND EIGHTH PARKING LLC,-73.99181374,40.75558836
"95 WORTH, LLC",-74.0044767,40.71633585
GARSCH GARAGE CORP.,-73.974324,40.78861324
QUIK PARK PCVST GARAGE LLC,-73.97523807,40.72921992
STATE-PEARL GARAGE INC.,-74.01443372,40.70322056
QUIK PARK 390 GARAGE LLC,-73.97236076,40.75941975
"LAZ PARKING NEW YORK, NEW JERSEY LLC",-73.95542074,40.76457455
BAMFORD REALTY LLC,-73.96487853,40.75826492
UPTOWN PARKING LLC,-73.96441347,40.76392169
GREENWICH STREET PARKING LLC,-74.00881782,40.72757813
1114 SIXTH PARKING LLC,-73.98373221,40.75535146
188 EAST 64TH STREET GARAGE LLC,-73.96478479,40.76487972
"LAZ PARKING NEW YORK / NEW JERSEY, LLC",-73.98990565,40.74690109
IH ASSOCIATES LLC,-73.97068937,40.79248244
QUIK PARK W. 14TH STREET LLC,-74.00055933,40.7389143
SEAPORT PARKING LLC,-74.00392794,40.70869446
67TH ST. & 2ND AVE. GARAGE INC.,-73.96095725,40.76653631
92ND REALTY LLC,-73.94514487,40.78009711
ADVANCE PARKING LLC,-73.98785024,40.75730622
PARK AVENUE 39 PARKING LLC,-73.97886461,40.75050345
"LAZ PARKING NEW YORK / NEW JERSEY, LLC",-74.01407384,40.70692055
160 EAST 84TH STREET ASSOCIATES LLC,-73.95587761,40.77788946
PATRIOT PARKING LLC,-74.01067791,40.71756784
SP PLUS CORPORATION,-73.99396601,40.74424994
WORTHY PARKING LLC,-73.98927066,40.76815633
QUIK PARK MIA GARAGE LLC,-73.99649371,40.7155701
LM 29 PARK LLC,-73.99373467,40.74821335
LTG PARKING CORP.,-73.98668407,40.77676082
PREMIER PARKING LLC,-73.96529495,40.76265663
24 LEONARD PARKING LLC,-74.00780654,40.71859736
PACE PARKING LLC,-73.98659891,40.75141037
QP EAST 36TH STREET LLC,-77.51958437,40.11238534
GREENLUX PARKING LLC,-74.01481537,40.71652438
SP PLUS CORPORATION,-73.96428439,40.75555567
357 EAST 57TH STREET PARKING CORP,-73.96369437,40.75864332
BLEECKER PARKING CORP.,-73.94357018,40.81037895
DELTA PARK INC,-73.95489691,40.77581681
ATRIUM PARK LLC,-73.98859475,40.75182779
EXCELLENT PARKING LLC,-77.51958437,40.11238534
AUDUBON PARKING OPS LLC,-73.93315062,40.84764386
222 EAST 69TH GARAGE CORP.,-73.9608485,40.76731029
165 WEST 66TH STREET PARKING LLC,-73.98355786,40.77445209
LTG PARKING CORP.,-73.98593274,40.77828955
WELCOME PARKING LIMITED LIABILITY COMPANY,-74.00712033,40.74496352
LTG PARKING CORP.,-73.98646737,40.77709291
1330 SIXTH PARKING LLC,-77.51958437,40.11238534
"KINNEY PARKING SYSTEM, INC.",-77.51958437,40.11238534
SHERMAN PARKING INC.,-73.92085107,40.86549036
SP PLUS CORPORATION,-73.9791993,40.76515221
420 EAST 53RD PARKING LLC,-73.96413645,40.75547328
CROWNE GARAGE LLC,-73.98516405,40.76037728
"90 ST. OPERATING, LLC",-73.94697986,40.77920593
"LEXFORD PROPERTIES, L.P.",-73.95125258,40.7726177
RECTOR WEST PARKING LLC,-74.01619872,40.70883062
2 LINCOLN PARKING LLC,-73.9821577,40.77180321
VALOR PARKING LLC,-73.97216158,40.75232728
"LAZ PARKING NEW YORK, NEW JERSEY LLC",-73.95525136,40.76414905
CAROUSEL PARKING CORP,-73.98035353,40.78062999
BROADWAY & 64TH PARKING LLC,-73.98215055,40.77151776
METROPOLITAN STORAGE CORP.,-73.94344365,40.78498466
CIRCLE PARKING LLC,-73.9824851,40.7623888
BARCLAY STREET REALTY LLC,-74.00856328,40.71219927
QUIK PARK LITTLE WEST LLC,-74.0165193,40.7070602
CHARLES GARAGE MGMT LLC.,-74.00798156,40.73416286
136 EAST 55TH STREET GARAGE LLC,-73.96974734,40.75947399
"IMPERIAL PARKING (U.S.), LLC",-73.96227868,40.766276
GARDEN LOTS LLC,-73.99007146,40.74828994
29 DOWNING LLC,-74.00336631,40.72944486
QUIK PARK PCVST GARAGE LLC,-73.97903205,40.73453452
PARK NORTH PARKING CORP,-73.93887062,40.79834093
"CENTRAL PARKING SYSTEM OF NEW YORK,INC.",-73.98992187,40.75897797
ASTOR PARKING LLC,-73.98587576,40.75753656
"LAZ PARKING NEW YORK, NEW JERSEY LLC",-73.95574416,40.76679243
EAST 85TH REALTY LLC,-73.94727198,40.77508896
PATRIOT PARKING LLC,-74.01042195,40.71863009
52 - BROADWAY GARAGE CORP.,-73.98307336,40.76296254
11 EAST 86TH STREET CORPORATION,-73.95984007,40.78129438
"ABM PARKING SERVICES, INC",-73.97412623,40.73994892
56TH REALTY LLC,-73.9654343,40.75847643
400 SUTTON GARAGE INC,-73.96360191,40.75609068
HUDSON VIEW GARAGE LLC,-73.99150211,40.76509339
ROYAL CHARTER PROPERTIES-EAST INC.,-73.95429749,40.76538381
"4 EAST 76TH ST. GARAGE, INC.",-73.96482643,40.77489803
162 PARKING MGMT LLC.,-73.94084492,40.83644142
"CENTRAL PARKING SYSTEM OF NEW YORK,INC.",-73.97495006,40.78511658
"ALLIANCE DAG PARKING, LLC",-73.97116129,40.75352374
"CENTRAL PARKING SYSTEM OF NEW YORK,INC.",-74.01667862,40.70952223
"CENTRAL PARKING SYSTEM OF NEW YORK, INC.",-73.9625461,40.7786329
455 CPW PARKING CORP,-73.96011536,40.79793853
337 PARKING LLC,-73.9610927,40.76333599
"5060 AUTO SERVICE, INC.",-73.91511891,40.86965549
304060 PARKING LLC,-73.99267905,40.73147579
QUIK PARK BPC LLC,-74.0165193,40.7070602
"IMPERIAL PARKING (U.S.), INC",-73.94637522,40.80815981
NYULMC H GARAGE CORP.,-73.97394453,40.74320689
"STRAND PARKING MGMT, LLC",-73.99509439,40.7603397
DYNAMIC PARKING LLC,-73.97381931,40.74962134
"CENTRAL PARKING SYSTEM OF NEW YORK,INC.",-73.99457248,40.7419636
"CENTRAL PARKING SYSTEM OF NEW YORK,INC.",-73.99081169,40.74561937
"CENTRAL PARKING SYSTEM OF NEW YORK,INC.",-77.51958437,40.11238534
THE NEW YORK AND PRESBYTERIAN HOSPITAL,-73.95525136,40.76414905
"CENTRAL PARKING SYSTEM OF NEW YORK,INC.",-73.97328683,40.754441
WEST 39TH STREET LLC,-73.99221798,40.75575857
APEX PARKING LLC,-73.9869565,40.76843331
"CENTRAL PARKING SYSTEM OF NEW YORK, INC",-73.94351331,40.83908317
SP PLUS CORPORATION,-74.00431379,40.70726991
"KINNEY PARKING SYSTEM, LLC",-74.00912706,40.71999983
"CENTRAL PARKING SYSTEM OF NEW YORK,INC.",-73.96213711,40.76130522
"CARPARK 39TH STREET, LLC",-73.97917874,40.75006709
SP PLUS CORPORATION,-73.98920934,40.74549846
QP W. 116TH STREET LLC,-73.94834191,40.80144985
TODAY PARKING CORP.,-73.92917568,40.86710691
"KINNEY PARKING SYSTEM, LLC",-73.98036424,40.75658332
SP PLUS CORPORATION,-73.98511278,40.76363528
"CENTRAL PARKING SYSTEM OF NEW YORK,INC.",-77.51958437,40.11238534
ALERT PARKING LLC,-73.95975398,40.78035565
SUPERB PARKING LLC,-73.97283255,40.74435943
"IMPERIAL PARKING (U.S.), LLC",-73.95154558,40.77185204
WEST SIDE PARKING CORP.,-74.01041184,40.7231562
SP PLUS CORPORATION,-73.98206689,40.73363749
"KINNEY PARKING SYSTEM, LLC",-77.51958437,40.11238534
575 FIRST AVE. CORP.,-73.97681707,40.74337494
"PROPARK AMERICA NEW YORK, LLC",-73.9614891,40.80198473
150 EAST 61 GARAGE CORP.,-73.96691183,40.76331859
STANDARD PARKING CORPORATION,-73.97225418,40.78131176
SP PLUS CORPORATION,-73.99604775,40.75375784
SOUTH PLAZA GARAGE LLC,-77.51958437,40.11238534
"CENTRAL PARKING SYSTEM OF NEW YORK,INC.",-77.51958437,40.11238534
"RIVER HOUSE CAR PARK, LLC",-73.95778008,40.76136135
SP PLUS CORPORATION,-73.96578621,40.7620447
V.M.C. PARKING INC.,-73.95506791,40.8059897
SP PLUS CORPORATION,-73.99527197,40.75045863
AP 131ST MANAGEMENT LLC,-73.94952055,40.81422432
SP PLUS CORPORATION,-73.9791654,40.7581037
WELCOME PARKING LIMITED LIABILITY COMPANY,-73.98512548,40.75525832
LIBERTY STREET REALTY LLC,-74.00815512,40.70764025
45 EAST LLC,-73.96991703,40.75139075
WEST 36TH OPERATING LLC,-73.99336238,40.75382359
COOPER & 9TH PARKING LLC,-73.9907054,40.73141252
SHARP PARKING LLC,-73.9712056,40.75122091
METROPOLITAN PARKING GROUP LLC,-73.93809186,40.84734745
REX PARKING CORP.,-73.99196755,40.76720413
QUIK PARK EAST 73RD ST LLC,-73.95181993,40.76690888
222 WEST 14TH STREET PARKING CORP.,-74.00055933,40.7389143
LEMAR PARKING CORP.,-73.94097207,40.83568943
INDOOR PARKING CORP.,-73.92617845,40.86381414
CHAMPION PARKING 39 LLC,-73.98581896,40.75306536
"LAUREATE GARAGE, LLC",-73.98117659,40.78138493
CONVENIENT PARKING LLC,-73.97142923,40.79362992
BRG CHARLES LLC,-74.00798156,40.73416286
RIBAR PARKING LLC,-74.00180055,40.73441564
QUIK PARK CHESAPEAKE LLC,-73.95166344,40.7736197
HRF OPERATING CORP.,-73.96335333,40.80115917
"KINNEY PARKING SYSTEM, LLC",-73.97551014,40.76449275
ACCESS 37 PARKING LLC,-73.99514529,40.75537721
TOWER 25 PARKING LLC,-73.98008812,40.73842127
PLATT PARKING LLC,-74.00646355,40.70817284
"DIAMOND 1 PARKING GARAGE, INC.",-73.92917568,40.86710691
QUIK PARK NASSAU LLC,-74.00620416,40.71140069
99 JANE STREET PARKING LLC,-74.00846197,40.73815095
56 LEONARD GARAGE LLC,-74.0062733,40.71789754
"PARK 139TH, LLC",-73.93767009,40.81528896
"CENTRAL PARKING SYSTEM OF NEW YORK, INC",-73.9560347,40.78057936
"CENTRAL PARKING SYSTEM OF NEW YORK,INC.",-73.99081169,40.74561937
PIERCE PARKING LLC,-73.98778212,40.77446908
IRVING 18TH PARKING LLC,-73.98558455,40.73550168
CORNELL UNIVERSITY,-73.95485707,40.76534561
73RD STREET PARKING CORP.,-73.9603884,40.77002743
QUIK PARK WEST 41ST STREET LLC,-73.99921308,40.7603398
QUIK PARK TRUFFLES LLC,-73.99348693,40.73503579
BRICIN PARKING CORP.,-73.96948387,40.75938334
"PROPARK AMERICA NEW YORK, LLC",-73.94637522,40.80815981
RAPID EAST 38TH STREET CORP.,-73.98039505,40.7499877
CONTINENTAL TOWERS PARKING LLC,-73.95469289,40.77319276
"222 RIVERSIDE MANAGEMENT, LLC",-73.97612732,40.79505002
375 HUD PARKING LLC,-74.00715104,40.72843461
ONE PARKING 40TH STREET INC,-73.97471123,40.74840288
"CENTRAL PARKING SYSTEM OF NEW YORK,INC.",-73.98062897,40.76472153
ENTERPRISE 36TH STREET PARKING LLC,-73.99635091,40.75429582
115 WEST 25TH STREET PARKING CORP.,-73.9925441,40.74446121
BENEFICIAL 21 PARKING LLC,-73.98054349,40.73606361
"CENTRAL PARKING SYSTEM OF NEW YORK, INC",-73.97924736,40.7499381
HEIGHTS MANAGEMENT 181 LLC,-73.93131019,40.84829053
"CENTRAL PARKING SYSTEM OF NEW YORK,INC.",-73.97758231,40.76431476
ROYAL 89 PARKING LLC,-73.95224332,40.7806053
MP EAST 72ND LLC,-73.95313422,40.76660201
LM SUSIE PARKING LLC,-73.97140035,40.79359972
NYC EAST MANAGEMENT CORP,-73.96111265,40.760067
"I. R. PARKING, INC",-73.9925441,40.74446121
555 WEST GARAGE CORP.,-74.00572038,40.74835336
EHTE PARKING CORP,-73.96369437,40.75864332
59-61 WEST 36TH STREET PARKING CORP,-73.98589887,40.75069116
CHATHAM PARKING SYSTEMS INC.,-73.99993868,40.71319044
CLARIDGE 87 PARKING LLC,-73.95315051,40.77936231
COMFORT PARK LLC,-73.99323537,40.72500369
FRIEND 54 MANAGEMENT LLC,-73.96806235,40.7579502
NOBLE PARKING LLC,-73.97258914,40.74829809
"1411 BROADWAY GARAGE, LLC",-73.98706766,40.75371601
CHAMPION PARKING 61 LLC,-73.95920715,40.7593829
"SCHNEEWEIS, IRVING &SCHNEEWEIS, MICHEAL",-73.96360191,40.75609068
"CENTRAL PARKING SYSTEM OF NEW YORK,INC.",-74.01137718,40.71423289
"CENTRAL PARKING SYSTEM OF NEW YORK,INC.",-74.01537482,40.71789119
QUIK PARK EAST 94TH STREET LLC,-73.94542109,40.78230401
SP PLUS CORPORATION,-73.9728014,40.75878582
1065 GARAGE LLC,-73.95652183,40.78109007
T CARDINAL COOKE HEALTH CARE CENTER,-77.51958437,40.11238534
THE HERTZ CORPORATION,-73.97140035,40.79359972
205 EAST 38TH STREET PARKING LLC,-73.97600337,40.74813417
SHARP 22 PARKING LLC,-73.98054686,40.7368788
QUIK PARK WATER STREET LLC,-74.00737575,40.70500258
52 WEST 36TH ST. PARKING LLC,-73.98589887,40.75069116
"OLYMPIA GARAGE, INC.",-74.00627175,40.73972933
71 ST. GARDEN GARAGE INC.,-73.96065672,40.76806228
W. 28TH GARAGE PARKING LLC,-73.99459005,40.74776874
100 ML GARAGE CORP.,-74.00699002,40.7068663
WATERVIEW GARAGE CORP,-73.9477808,40.77081838
MANHATTAN PARKING SYSTEM - WEST 58TH. ST. CORP.,-73.96259629,40.7664106
COLUMBUS 95 PARKING LLC,-73.96770985,40.79262711
"ALLIANCE IMPALA PARKING, LLC",-73.95371654,40.77021433
CHELNIK OPERATING LLC,-73.96836676,40.77060629
117TH STREET CORP.,-73.93887062,40.79834093
125 CHARLES PARKING LLC,-74.00801765,40.73417384
MEAT MKT. GARAGE INC.,-74.00725332,40.74000374
MP 225 LLC,-74.01648738,40.70926974
ENTERPRISE ANN PARKING LLC,-74.00662607,40.71020121
QP 50 WEST 93RD STREET LLC,-73.96751595,40.79032423
STOP-PARK GARAGE CORP.,-74.0037669,40.73126187
REALITY PARKING LLC,-73.98448085,40.76450254
RAPID MANAGEMENT CORP.,-73.97272691,40.74675557
WEST 38TH STREET LLC,-73.99246711,40.75505318
"401 EAST 86TH GARAGE, LLC",-73.94930697,40.77685748
CHAMPION PARKING 77 LLC,-73.98009309,40.78218347
"CENTRAL PARKING SYSTEM OF NEW YORK,INC.",-73.95985892,40.76200436
CANDACE PARKING CORP.,-73.96785731,40.79389522
"CENTRAL PARKING SYSTEM OF NEW YORK,INC.",-73.99559394,40.7390844
WEST 108TH STREET PARKING GARAGE CORPORATION,-73.96583059,40.80218372
QUIK PARK RIVERSIDE GARAGE LLC,-73.9475644,40.83473746
"CENTRAL PARKING SYSTEM OF NEW YORK,INC.",-77.51958437,40.11238534
"CENTRAL PARKING SYSTEM OF NEW YORK,INC.",-73.9614891,40.80198473
GRAND CAR PARK LLC,-73.97694407,40.75180683
"CENTRAL PARKING SYSTEM OF NEW YORK,INC.",-73.97649646,40.74175273
20TH STREET ALEMAP LLC,-73.99508135,40.74140644
"KINNEY PARKING SYSTEM, LLC",-73.97500654,40.78857221
"CENTRAL PARKING SYSTEM OF NEW YORK,INC.",-73.99255582,40.736463
"PARK IN AUTO SERVICES, INC.",-73.99625532,40.72107059
"CENTRAL PARKING SYSTEM OF NEW YORK,INC.",-73.99222881,40.72485541
PF PARKING CORP.,-74.00780654,40.71859736
GEMAT PARKING CORP.,-73.96067524,40.76725808
"CENTRAL PARKING SYSTEM OF NEW YORK,INC.",-73.94351331,40.83908317
"CENTRAL PARKING SYSTEM OF NEW YORK,INC.",-73.93817525,40.84706204
"CENTRAL PARKING SYSTEM OF NEW YORK,INC.",-73.95126413,40.76670828
F & F E. 70 ST. CORP.,-73.96738463,40.77088323
ONE PARKING 200 PARK INC.,-73.97680249,40.75413984
UPPER MANHATTAN PARKING LLC,-73.93839408,40.80591612
A.M.D. LLC,-73.98519814,40.7693965
12 GARAGE CORP.,-73.96498231,40.75310483
"SWEETS PARKING I, INC.",-73.97582673,40.75751842
MANHATTAN PARKING SYSTEM-PARK AVE. CORP.,-73.97513804,40.75556401
"ONE PARKING STRATHMORE, LLC",-73.9500049,40.77541131
BARMAX GARAGE CORP.,-73.97955874,40.78196379
SAFEWAY PARKING CORP.,-73.95063887,40.77741799
"CENTRAL PARKING SYSTEM OF NEW YORK,INC.",-73.94627076,40.77646086
PV PARKING IV CORP,-73.93604534,40.84435734
440 EAST 81ST STREET LLC,-73.95057343,40.77316087
"CENTRAL PARKING SYSTEM OF NEW YORK,INC.",-77.51958437,40.11238534
MOTT PARK LLC,-73.99440437,40.72415837
ENTERPRISE 230 PARKING LLC,-73.97913408,40.74285388
ENTERPRISE 51 PARKING LLC,-73.99663541,40.76694086
8TH STREET PARKING LLC,-73.99622582,40.73240643
EDISON 9TH AVENUE PARKING CORPORATION,-73.99805096,40.75324188
WORLD PARKING GARAGE LLC,-73.98158817,40.76852865
COMMAND PARKING LLC,-73.98230063,40.76380506
QUIK PARK COOPER LLC,-73.95138244,40.7777312
QUIK PARK EAST 88TH STREET LLC,-73.95406321,40.78055115
SUTTON PLACE GARAGE CORP.,-73.95994415,40.7583429
ENTERPRISE 60TH STREET LLC,-73.99021596,40.7719222
"PARK 117TH, LLC",-73.95420539,40.8048256
520 EAST 81ST STREET GARAGE CORP.,-73.94879046,40.77240803
ENTERPRISE 87 CORP.,-73.95652183,40.78109007
ENTERPRISE 61ST LLC,-73.96612463,40.76380693
FDR DRIVE GARAGE LLC,-73.95824629,40.76048046
"BAS PARKING, INC.",-73.95306566,40.76655258
ENTERPRISE 45TH OWNERSHIP CORP.,-73.96991703,40.75139075
EAST 61ST STREET GARAGE LLC,-73.96033627,40.76056079
"WORLD TOWER PARKING GARAGE, LLC",-73.94266045,40.8222604
QUIK PARK WEST 58TH LLC,-73.97697165,40.76597795
ENTERPRISE 62ND PARKING LLC,-73.96282233,40.76243354
69 ENTERPRISE PARKING LLC,-73.96082322,40.76731852
"BRICIN PARKING, CORP.",-73.94938299,40.77184837
"ELI'S LEASING, INC.",-73.94635475,40.77977655
ENTERPRISE 38 LLC,-73.99826021,40.75671399
315 EAST 21ST STREET CO. LLC,-73.98098727,40.73625033
"OCEAN CAR PARK, LLC",-74.01592726,40.70488369
"WATERVIEW PARKING, INC.",-73.94372897,40.7763828
ENTERPRISE 38 LLC,-73.99680199,40.75609364
355 EAST 71ST STREET GARAGE LLC,-73.95639366,40.76727301
RL MERCER STREET LLC,-74.00126988,40.72144668
ENTERPRISE 37 EAST PARKING LLC,-73.97182156,40.74556413
GARMENT ONE GARAGE LLC,-73.97912944,40.7461613
301 PARK CORP.,-73.96170262,40.76359145
167 EAST 77TH ST PARKING SERVICES LLC,-73.95887374,40.77321628
AZ PARKING CORP,-73.98621337,40.74827033
PARKING 56 LLC,-73.9756732,40.762813
"RONEL OPERATING, LLC",-73.99515033,40.73575499
"FSP 787 SEVENTH, LLC",-73.98262239,40.76195515
"YORK PARKING, LLC",-73.95216138,40.76900875
301-63 GARAGE LLC,-73.96236714,40.76305919
"56-57 HOLDING, LLC",-73.98630673,40.76815876
CAROLE STORAGE CORPORATION,-73.97159754,40.75466017
STANDARD PARKING CORPORATION,-73.97856534,40.78323717
QUIK PARK WARREN GARAGE LLC,-74.01055852,40.71535283
EAST 61ST STREET GARAGE LLC,-73.95819577,40.76045848
"CENTRAL PARKING SYSTEM OF NEW YORK, INC",-73.9957742,40.74169741
ASPEN 36 LLC,-73.99092318,40.77488658
"CENTRAL PARKING SYSTEM OF NEW YORK,INC.",-73.97896567,40.76191337
BASIC PARKING CORP.,-73.97186172,40.75302437
NATIONS 47 PARKING LLC,-73.96975741,40.75319401
"LPARK 2, LLC",-73.94442964,40.82804712
56-57 OPERATING CORP.,-73.98678701,40.76749734
AJAX OPERATING CORP.,-73.99352471,40.75469369
LAFAYETTE PLACE PARKING LLC,-73.99180613,40.72941442
EMPIRE 33 PARKING LLC,-73.98628555,40.74828132
181 PARK CORP.,-73.93131019,40.84829053
ACCESS PARKING CORP.,-73.99533751,40.74230123
OLIANTHA GARAGE CORP.,-73.96284825,40.80010504
ICE HOUSE PARKING CORP.,-74.00748562,40.71985448
APPLE WEST 11TH STREET GARAGE CORP.,-74.00766059,40.73559565
COLUMBIA GARAGE LLC,-73.97171768,40.79475533
TORI OPERATING CORP.,-73.99549239,40.74653639
SP PLUS CORPORATION,-73.9691575,40.76263028
211 GARAGE CORP.,-73.98485925,40.73558667
"KALIMIAN-KASHANI, ROUHOUAH",-73.95063118,40.7731856
"53-10 ASSOCIATES, LLC",-73.99028531,40.7667319
THOMPSON ST. PARKING CORP.,-73.99907634,40.72914847
"POST OFFICE GARAGE, LLC",-73.99608402,40.75078528
SUPPORT PARKING LLC,-73.96639229,40.7556112
776 SIXTH AVE PARKING CORP,-73.99134229,40.7448893
201 PEARL PARKING CORP.,-74.00674114,40.7067675
65 WEST 55TH STREET PARKING CORP,-73.9766841,40.76242071
159 WEST 53RD PARKING CORP,-73.98126128,40.76271249
GRACIE PUBLIC PARKING CORP.,-73.947623,40.778671
444 MANHATTAN PARKING CORP.,-73.95479706,40.80589628
ELEVEN RIVERSIDE DRIVE GARAGE CORP.,-73.98517387,40.78110006
220 MADISON GARAGE CORP,-73.98191111,40.74921942
MANHATTAN AVE. GARAGE CORP.,-73.95525496,40.80715903
200 EAST PARKING CORP.,-73.96449986,40.76438832
"FIFTH AVENUE CAR PARK, LLC",-73.94855783,40.79781044
1050 FIFTH AVENUE PARKING CORP,-73.96033095,40.78162392
311 PARKING CORP.,-73.98682769,40.76260347
200 WEST GARAGE CORP.,-73.99509903,40.74634973
ENTERPRISE 40TH PARKING CORP.,-73.97280564,40.74840793
"TIMES SQUARE GARAGE, LLC",-73.9846994,40.75597739
200 BRADHURST GARAGE CORP.,-73.94119784,40.82557253
"THIRD AVENUE NORTH, LLC",-73.93921209,40.80014989
MILLENNIUM GARAGE CORP.,-73.95893814,40.780026
323 WEST 34TH STREET LLC,-73.99432979,40.75256655
"ELEVENTH AVENUE GARAGE, CORP.",-74.00392334,40.75310459
EAST 28TH STREET GARAGE CORP.,-73.98071499,40.74192094
PARKING SYSTEMS PLUS INC,-73.95965024,40.76682406
400 GARAGE CORP.,-73.94953866,40.77604514
110 GARAGE CORP.,-73.94547124,40.77398474
PRESTIGE GARAGE CORP.,-73.96129883,40.75647969
"CENTRAL PARKING SYSTEM OF NEW YORK, INC",-73.98896349,40.74818829
106 Mott Street Parking Corp,-73.99733774,40.71748048
315 E 70 GARAGE CORP.,-73.95857782,40.76718873
45TH STREET PARKING CORP,-73.9712056,40.75122091
304 WEST 49TH PARKING CORP.,-73.9870733,40.76186516
SURREY GARAGE CORP.,-73.95269454,40.77063111
"THE CARNEGIE GARAGE, LTD.",-73.95038142,40.783739
"CENTRAL PARKING SYSTEM OF NEW YORK, INC.",-73.97848201,40.78409626
333 EAST 75TH STREET PARKING CORP.,-73.95604143,40.77038267
249 PARKING CORP.,-74.00341781,40.74874321
1501 GARAGE MANAGEMENT CORP.,-73.95049857,40.78643438
116TH-117TH STREET PARKING CORP.,-73.94742115,40.80108164
330 THIRD PARKING CORP.,-73.98244774,40.7398105
605 PARKING CORP.,-73.96736886,40.76622815
62 MULBERRY PARKING CORP,-73.99943726,40.71562779
CHELSEA SEVENTH GARAGE CORP.,-73.99486454,40.74518595
182 E. 73RD GARAGE CORP.,-73.96071294,40.77067804
WEST 145TH GARAGE CORP,-73.9434254,40.82346022
MANHATTAN AVE. GARAGE CORP.,-73.93579664,40.79870706
165 E 77 ST. GARAGE CORP.,-73.95908307,40.77332615
"NEW GARDEN GARAGE, LLC",-73.99340618,40.7488803
NYULMC G GARAGE CORP.,-73.97283255,40.74435943
UNIVERSITY 10 PARKING LLC,-73.99250947,40.73142363
EAST 14TH GARAGE CORP.,-73.99324509,40.7358592
210 CENTRAL PARK SOUTH PARKING CORP.,-73.97962107,40.76709282
PREVOST GARAGE CORP.,-73.95534657,40.76751689
S&S 311 LLC,-73.93874065,40.79828871
53RD PARKING CORP.,-73.98515594,40.76435715
"280 BROADWAY CAR PARK, LLC",-74.00608901,40.71441719
250 E. 63RD GARAGE CORP.,-73.9636231,40.76357012
NYULMC A GARAGE CORP.,-73.9750494,40.7416591
245 E. GARAGE CORP.,-73.9637097,40.76362504
"KINNEY PARKING SYSTEM, INC.",-73.97866897,40.76407343
118 PARKING CORP.,-73.94214075,40.80080464
170 PARK ROW PARKING CORP,-74.00023086,40.71313829
WEST 161ST PARKING CORP,-73.94097207,40.83568943
44 ELIZABETH STREET PARKING CORP,-73.99674616,40.71690681
PEAK TIME PARKING INC.,-73.93224784,40.85746663
10 EAST END AVENUE GARAGE CORP.,-73.9477808,40.77081838
444 MANHATTAN PARKING CORP.,-73.95550804,40.80681878
SOUTH PLAZA GARAGE LLC,-77.51958437,40.11238534
MP EAST 87TH LLC,-73.94627076,40.77646086
CHAMPION 221 LLC,-73.97972575,40.76713675
"PARTNERSHIP 92, DAVID GOLDMAN AND BLDG BACAEL LLC",-73.96334526,40.75677679
61 JANE PARKING CORP.,-74.00587827,40.73814563
340 EAST 74TH STREET PARKING CORP,-73.95637765,40.7696774
515 NINTH AVENUE PARKING INC,-73.99431866,40.75612923
157 57TH THIRD CORP,-73.96740063,40.76032971
100 WILLIAM GARAGE CORP.,-74.00712005,40.70858451
SYLVAN 71ST STREET GARAGE CORP.,-77.51958437,40.11238534
"ELEMENT PARKING MGMT, LLC",-73.989133,40.771063
PARK AMERICA CORP,-73.96685821,40.75500475
QUIK PARK 775 GARAGE LLC,-73.96664375,40.79404858
"KINNEY PARKING SYSTEM, LLC",-73.9582606,40.76068906
3896 PARKING CORP.,-73.91840741,40.865184
160 PARKING CORP.,-73.96473383,40.76567568
ELBERT HOLDING CORP.,-73.99501995,40.74215026
"KINNEY PARKING SYSTEM, INC.",-73.97532853,40.75775711
420 EAST 72ND GARAGE CORP.,-73.95534657,40.76751689
"CENTRAL PARKING SYSTEM OF NEW YORK,INC.",-73.97515586,40.78520172
220 EAST 63RD GARAGE CORP.,-73.9641031,40.76377338
"KINNEY PARKING SYSTEM, LLC",-73.98920934,40.74549846
W. 79TH STREET PARKING CORP.,-73.97856534,40.78323717
9495 PARKING CORP.,-73.94774933,40.78332613
QUIK PARK TRIBECA II LLC,-74.01028208,40.72391925
"CENTRAL PARKING SYSTEM OF NEW YORK,INC.",-73.94097207,40.83568943
"CENTRAL PARKING SYSTEM OF NEW YORK,INC.",-73.94084492,40.83644142
WOOSTER PARKING CORP.,-74.00368333,40.72069182
"SHARP CAR PARK, LLC",-73.96369437,40.75864332
FLEUR GARAGE CORP.,-73.99924942,40.73913663
"HAMMER, GEOFFREY ET AL",-73.97656637,40.78923128
"CENTRAL PARKING SYSTEM OF NEW YORK,INC.",-73.95182095,40.79045598
GEMAT PARKING CORP.,-73.96067524,40.76725808
525-535 GARAGE CORP.,-73.94610184,40.77550836
174 PARKING MGMT LLC.,-73.93604534,40.84435734
INTERTOWN PARKING CORP.,-73.94678329,40.7721601
980 FIFTH AVENUE CORPORATION,-73.96357232,40.77719773
CONNAUGHT TOWER CAR PARK INC,-73.96635177,40.7572251
QUIK PARK HUDSON LLC,-73.98869139,40.77783148
MINETTA LANE PARKING LLC,-74.00051596,40.73061417
130 EAST 18TH GARAGE CORP.,-73.98666689,40.73633072
58TH & 7TH PARKING LLC,-73.9792787,40.76520437
"RIVERWATCH GARAGE, LLC",-74.01743904,40.70704634
"PRO PARK AMERICA NEW YORK, LLC",-73.96844793,40.79740864
"CENTRAL PARKING SYSTEM OF NEW YORK,INC.",-73.98801803,40.74757063
ROCKMILL GARAGE CORP.,-73.94700974,40.78249963
9-11 LLC,-73.98116095,40.74730896
POWER PARKING S CORP.,-73.92617845,40.86381414
785 GARAGE CORP.,-73.97274487,40.76462662
"2280 FDB, LLC",-73.95236779,40.80851651
NICE PARK LLC,-73.98585631,40.73014944
QUIK PARK EAGLE LLC,-73.97336103,40.74942911
"RENOIR CAR PARK, LLC",-73.96403091,40.76375963
88TH GARAGE CORP.,-73.97119666,40.78859328
NEW YORK SKYPORTS INC,-77.51958437,40.11238534
MARK TWAIN GARAGE CORP,-73.99823549,40.73620797
340 E. 34 GARAGE CORP.,-73.9745829,40.74422534
ENTERPRISE YORK GARAGE LLC,-73.95778008,40.76136135
WEST PLAZA GARAGE LLC,-73.9789977,40.74048513
AMPCO SYSTEM PARKING,-73.97464518,40.76074324
CONCERTO GARAGE CORP.,-73.98757693,40.77122478
"ABM PARKING SERVICES, INC",-73.98396172,40.76157383
165 EAST PARKING CORP.,-73.96149668,40.77013485
24TH STREET MMP GARAGE LLC,-77.51958437,40.11238534
EMPIRE PARKING CORP.,-74.01053799,40.72239314
INTERNATIONAL HOUSE,-73.96169515,40.8142345
"LEONARD STREET PARKING, LLC",-74.00467877,40.71716202
EZ2 PARK LLC,-73.95489691,40.77581681
59 ALLEN STREET GARAGE CORP.,-73.99145773,40.71710416
CHELSEA ENCLAVE GARAGE LLC,-74.00241435,40.74502135
"PLAZA 400 GARAGE PARTNERS, LLC",-73.96307776,40.75748759
145 EAST 16TH STREET GARAGE CORP.,-73.98687271,40.73565279
WEST END TOWERS GARAGE CORP.,-73.98856925,40.77421116
"CENTRAL PARKING SYSTEM OF NEW YORK,INC.",-73.93131019,40.84829053
300 PARKING INC.,-73.98425316,40.76559217
EAST 46TH REALTY LLC,-73.96966768,40.75208236
328 WEST 39TH STREET PARKING LLC,-77.51958437,40.11238534
560 W 43RD STREET PARKING CORP,-73.9972133,40.76036997
30 GARAGE CORP.,-73.9472712,40.77152354
"ONE PARKING RC, INC.",-73.9791654,40.7581037
250 WEST PARKING CORP.,-73.99888129,40.74224368
33 ST OPERATING LLC,-73.98621337,40.74827033
WEST 90TH GARAGE CORP.,-73.97038391,40.78909536
145 BRADHURST GARAGE CORP.,-73.94264122,40.82361079
"NARRAGANSETT PARTNERS, L.L.C.",-73.96690019,40.76494897
QUIK PARK BROADWAY GARAGE LLC,-77.51958437,40.11238534
80 JOHN GARAGE CORP.,-74.00688559,40.70843906
"KINNEY PARKING SYSTEM, LLC",-73.99077582,40.77006131
EAST VILLAGE PARKING LLC,-73.99115013,40.72442166
"PARK 127 MGMT, LLC",-73.95059181,40.811642
"CENTRAL PARKING SYSTEM OF NEW YORK, INC",-73.9728014,40.75878582
525-535 GARAGE CORP.,-73.94579505,40.77537647
"MAIDEN PARKING MGMT, LLC",-74.00539932,40.70571358
"CENTRAL PARKING SYSTEM OF NEW YORK,INC.",-77.51958437,40.11238534
ALLIE GARAGE CORP.,-73.98523045,40.77023091
"REGAL CAR PARK, LLC",-73.9756732,40.762813
"SUPERPARK REALTY, LLC",-73.99860314,40.75534711
5TH AVENUE GARAGE CORP.,-73.99320171,40.73659204
"KINNEY PARKING SYSTEM, LLC",-73.97590088,40.76209118
1510 LEX GARAGE CORP,-73.95028888,40.78676091
ENTERPRISE WORLD PARKING LLC,-73.96753826,40.75198297
"FIRST AVENUE PARKING, LLC",-73.97246049,40.74521022
"EDISON NY PARKING, LLC",-73.98351557,40.7556506
RELIANT PARKING LLC,-73.97750994,40.78619854
454 MANAVE GARAGE CORP.,-73.95525496,40.80715903
KINNEY-WEST END AVENUE INC,-73.97387395,40.79436335
"ABM PARKING SERVICES, INC",-73.98237763,40.74564583
"DEAL FOREVER, INC",-73.98790077,40.75730897
EAST 97TH PARKING CORP.,-73.94993236,40.78545427
107 GARAGE CORP.,-73.99788184,40.73690787
QUIK PARK HUDSON 180 LLC,-73.98848549,40.77838315
QUIK PARK WEST 57 LLC,-73.97463339,40.76325468
QUIK PARK WEST 50TH STREET LLC,-73.98396172,40.76157383
UNIVERSAL PARKING LLC,-73.99533789,40.73673762
KENSINGTON ENTERPRISES LLC,-73.96627579,40.79323054
NICE PARK 22 LLC,-73.98646893,40.73387963
AXA EQUITABLE LIFE INSURANCE COMPANY,-73.98262239,40.76195515
224 MULBERRY STREET CONDOMINIUM,-73.99606404,40.72243473
THE BERGER'S PARKING CORPORATION,-73.95947753,40.77181119
PARK 18 WEST LLC,-73.99626145,40.74037445
"CENTRAL PARKING SYSTEM OF NEW YORK,INC.",-74.00671239,40.70775287
"CENTRAL PARKING SYSTEM OF NEW YORK, INC",-73.99604775,40.75375784
102 BRADHURST AVE. CORP.,-73.94181283,40.82473022
"EDISON NY PARKING, LLC",-74.00573457,40.74555372
ARCHIVES GARAGE CORP.,-74.00769989,40.73223332
SURREY GARAGE 54TH STREET LLC,-73.96806235,40.7579502
MP 53 LLC,-73.96826484,40.75722015
79TH STREET PARKING LLC,-73.96076755,40.77602206
206 E. 59TH ST. GARAGE CORP.,-73.96615114,40.76136137
COSMO PARKING LLC,-73.99094706,40.75859105
"MP 16, LLC",-73.99185113,40.74497443
MP 325 LLC,-74.01475407,40.71663692
TWO FIFTH PARKING LLC,-73.99660831,40.73192062
WALL STREET GARAGE PARKING CORP.,-74.00986102,40.70659436
1345 LEASEHOLD LLC,-73.97853953,40.76249518
AMPCO SYSTEM PARKING,-73.96855471,40.76251484
EMBASSY PARKING LLC,-73.95851786,40.77651258
"CENTRAL PARKING SYSTEM OF NEW YORK,INC.",-73.9560347,40.78057936
QUIK PARK HUDSON VI LLC,-73.99107484,40.77477405
CROYDEN PARKING LLC,-73.95990145,40.78129989
"EAST 78TH OPERATING, LLC",-73.95228909,40.77216525
"LAZ PARKING NEW YORK, NEW JERSEY LLC",-73.97462438,40.73007066
"PROPARK AMERICA NEW YORK, LLC",-73.9598646,40.77654051
SUPERIOR PARKING LLC,-73.94983481,40.77114866
IMPERIAL PARKING US LLC,-73.97917874,40.75006709
MARKET 15 PARKING LLC,-77.51958437,40.11238534
MP 93 LLC,-73.94747243,40.78187404
MP MANHATTAN PLAZA LLC,-77.51958437,40.11238534
"PROPARK AMERICA NEW YORK, LLC",-73.98575197,40.74564081
"QUIK PARK EAST 67TH STREET, LLC",-73.95799109,40.76446848
MP WEST 12 LLC,-74.00993409,40.7370996
"787 HOLDINGS, LLC",-73.98262239,40.76195515
"PROPARK AMERICA NEW YORK, LLC",-73.96841543,40.79741412
RAPID RIVERSIDE CORP.,-73.98225167,40.78497521
CUSTOM PARKING LLC,-73.96488224,40.76492092
IMPERIAL PARKING US LLC,-77.51958437,40.11238534
MP 56 LLC,-73.96768262,40.75944323
GATEWAY PARKING CORP,-74.01613786,40.71071628
"KINNEY PARKING SYSTEM, LLC",-73.97532853,40.75775711
"IMPERIAL PARKING (U.S.), LLC",-74.00621137,40.71140893
PARK ON 44TH CORP.,-73.9726924,40.75171258
ELBA OPERATING CORP.,-74.00926545,40.72934847
LKDG ASSOCIATES,-73.96334526,40.75677679
KIDS PARKING CORP.,-74.00606386,40.7155398
C.V. PARKING LLC,-73.93897105,40.85426457
S.T.A. PARKING CORP.,-73.95325455,40.77003848
IMPARK HSW LLC,-73.95810835,40.77318581
DILIGENT PARKING LLC,-77.51958437,40.11238534
METROPOLITAN STORAGE CORP.,-73.94377984,40.78455665
THE NEW YORK AND PRESBYTERIAN HOSPITAL,-77.51958437,40.11238534
UNIQUE PARKING LLC,-73.98876285,40.73952858
21 EAST 12TH STREET PARKING LLC,-73.99341485,40.7341904
MP UPTOWN LLC,-73.94018528,40.78631421
KRW OPERATING CORP.,-73.96844793,40.79740864
55 E. 125 ST. CORP.,-73.94426998,40.80726952
"LAZ PARKING NEW YORK, NEW JERSEY LLC",-73.97523807,40.72921992
MANHATTAN PARKING EAST 48TH STREET CORP.,-77.51958437,40.11238534
72ND STREET LLC,-73.9536798,40.765938
VALUE MGMT. CORP.,-74.00273526,40.73814025
110 EAST 16TH STREET ASSOCIATES LLC,-73.98861195,40.73562004
RAPID 83 STREET PARKING CORP.,-73.9519618,40.77542587
QUIK PARK EAST 72 LLC,-73.95313422,40.76660201
"HAMMER, GEOFFREY ET AL",-73.97663858,40.78926148
SP PLUS CORPORATION,-73.99220436,40.74880612
WELLESLEY GARAGE CORP.,-73.96084392,40.76896262
"PROPARK AMERICA NEW YORK, LLC",-73.98832074,40.77072257
"AREA GARAGE, LLC",-73.98105088,40.71557683
QUIK PARK 1133 GARAGE LLC,-73.9833242,40.75594152
COLUMBUS 95TH ST LLC,-73.96705659,40.79178979
"PROPARK AMERICA NEW YORK, LLC",-73.96223132,40.80522649
FANDA PARKING LLC,-73.95637765,40.7696774
QUIK PARK WEST 23RD STREET GARAGE LLC,-74.00223396,40.74688504
"PROPARK AMERICA NEW YORK, LLC",-73.97103774,40.78864539
RAPID E. 77TH ST. CORP.,-73.95931409,40.77340308
AUDUBON PARKING MGMT LLC.,-73.93315062,40.84764386
MID TOWN PARKING CORP.,-73.97182746,40.75721559
PRONTO PARKING CORP,-73.96462193,40.76564545
"WEST 129TH STREET, L.L.C.",-73.95820754,40.8164867
EAST 79TH STREET PARKING LLC,-73.95000444,40.77122009
THE HERTZ CORPORATION,-77.51958437,40.11238534
EAST RIVER PARKING CORP.,-73.94693392,40.78248587
IMPARK 89 LLC,-73.95759334,40.78251499
CLAREMONT PARKING CORP,-73.96380637,40.81160025
PARK KWIK LLC,-73.99296022,40.76815387
"90 WASHINGTON CAR PARK, LLC",-74.01444559,40.70808154
QP 50/70 WEST 93RD STREET LLC,-73.96751595,40.79032423
75 WALL GARAGE CORP.,-74.00766792,40.70520018
IMPARK 1199 PA LLC,-73.95342436,40.78533771
99 PARK AVENUE CORP.,-73.97866602,40.75074495
ENC PARKING CORPORATION,-73.99353374,40.7361035
"PROPARK AMERICA NEW YORK, LLC",-73.94700974,40.78249963
PERFORMANCE PARKING LLC,-73.98469156,40.77440284
IMPERIAL PARKING (US) LLC,-74.00055933,40.7389143
MARLO TOWERS GARAGE CORP,-74.00491622,40.70849954
"EDISON NY PARKING, LLC",-73.92890114,40.86687893
"KINNEY PARKING SYSTEM, INC.",-73.98891572,40.75332096
200 CPS GARAGE PARTNERS LLC,-73.97944781,40.76702142
IMPARK RIVER LLC,-74.01629809,40.71694138
80TH REALTY LLC,-73.94982318,40.77221361
MP UPTOWN LLC,-73.94901341,40.79715191
"PROPARK AMERICA NEW YORK, LLC",-73.97981893,40.74556032
MP 144 LLC,-73.94207097,40.82289139
"CENTRAL PARKING SYSTEM OF NEW YORK,INC.",-73.98086224,40.74440496
"ABM PARKING SERVICES, INC",-73.96683398,40.75292422
240 RIVERSIDE PARKING LLC,-73.98733689,40.78047727
QUIK PARK 311 WB LLC,-74.00430751,40.72172931
"KINNEY PARKING SYSTEM OF NEW YORK, INC.",-73.95950815,40.76301431
70TH PARK OPS LLC,-73.95662531,40.76634537
"PROPARK AMERICA NEW YORK, LLC",-73.98043558,40.78403073
SP PLUS CORPORATION,-74.01152173,40.71577269
PARK 127TH LLC,-73.95059181,40.811642
MANHATTAN PARKING WEST 45 STREET CORP,-73.98354409,40.7571163
"CENTRAL PARKING SYSTEM OF NEW YORK,INC.",-73.99115013,40.72442166
UPTOWN PARKING CORP.,-73.9372592,40.81427319
ALEXA QP LLC,-73.97694407,40.75180683
PARK FDB LLC,-73.95236779,40.80851651
MANHATTAN PARKING GRAMERCY CORP.,-73.98464602,40.73701117
IMPERIAL HOUSE PARKING LLC,-73.96300683,40.76821951
ELBA OPERATING CORP.,-74.00926545,40.72934847
GEMINI GARAGE CORP.,-73.96189483,40.75573057
1050 GARAGE CORP.,-73.96033095,40.78162392
MP HUDSON LLC,-74.00114775,40.7521385
"351 EAST 83 CAR PARK, LLC",-73.9519618,40.77542587
MP 400 LLC,-74.014206,40.71777332
7 WEST 21 PARKING LLC,-73.99112995,40.74053062
P.A.C. GARAGE CORP.,-73.95590115,40.7805052
MANHATTAN PARKING EAST 34TH STREET CORP.,-73.97472722,40.74430497
"PROPARK AMERICA NEW YORK, LLC",-77.51958437,40.11238534
435 E. 79 GARAGE CORP.,-73.9510649,40.77253802
92ND ST. GARAGE CORP.,-73.95158146,40.78209816
BREVOORT PARKING LLC,-73.99482944,40.73237893
W. 26TH ST OPERATING LLC,-74.00271408,40.74970663
IMPERIAL PARKING (US) LLC,-74.0053331,40.73457747
MTP 3300 BROADWAY CORP.,-73.95845314,40.8165856
"PROPARK AMERICA NEW YORK, LLC",-73.98728532,40.76688806
254 WEST 79TH STREET PARKING CORP,-73.98041031,40.78401975
"IMPERIAL PARKING (U.S.), INC",-73.99091083,40.73311977
CLINTON GRAND PARKING LLC,-73.98644733,40.71586304
QUIK PARK MARLO LLC,-74.00491622,40.70849954
1955 FIRST PARKING CORP.,-73.94269165,40.78602729
"W K PARKING, CORP",-73.98104009,40.72813959
"CENTRAL PARKING SYSTEM OF NEW YORK,INC.",-73.97848201,40.78409626
FLORAL 26 PARKING LLC,-73.99056656,40.74364313
"WOFL, RAYMOND ET AL",-73.97981893,40.74556032
NYC PARKING GROUP I LLC,-73.95637765,40.7696774
"MANHATTAN GARAGE EQUITIES, L.P.",-73.96645561,40.77322972
"PROPARK AMERICA NEW YORK, LLC",-74.00605982,40.7108243
80TH ST. PARKING CORP.,-73.949152,40.7717522
MANHATTAN ENTERPRISES INC.,-73.97270632,40.76179952
IMPERIAL PARKING US LLC,-73.97856534,40.78323717
"LAZ PARKING NEW YORK, NEW JERSEY LLC",-73.97630096,40.73336747
RAPID EAST 87TH CORP.,-73.95778187,40.78131561
225 EAST 63 GARAGE CORP.,-73.96409587,40.7637871
"IMPERIAL PARKING (U.S.), LLC",-73.94442964,40.82804712
PARK 70 LLC,-73.95662531,40.76634537
MANHATTAN PARKING - GOLD CORP.,-73.9682861,40.75804358
331 50TH ST. PARKING CORP.,-73.98703328,40.7634873
15 WEST 72ND STREET CORP.,-73.97682356,40.77659183
"CENTRAL PARKING SYSTEM OF NEW YORK,INC.",-73.96964871,40.76204029
"PROPARK AMERICA NEW YORK, LLC",-73.96366455,40.77359667
MP UPTOWN LLC,-77.51958437,40.11238534
MANHATTAN PARKING 110 LLC,-73.96508944,40.80349547
"CENTRAL PARKING SYSTEM OF NEW YORK, INC",-73.96964871,40.76204029
"CORINTHIAN PARKING MANAGEMENT, LLC",-73.97274136,40.74674185
"IMPERIAL PARKING (U.S.), LLC",-73.95608475,40.77038268
QUIK PARK GARMENT LLC,-73.97912944,40.7461613
"IMPERIAL PARKING (U.S.), LLC",-73.99198478,40.74401377
RAPID E. 77TH ST. CORP.,-73.95983074,40.77281314
MANHATTAN PARKING E 35 ST CORP,-73.97622797,40.74578745
64TH WEST END PARKING LLC,-73.98789032,40.77510588
"CENTRAL PARKING SYSTEM OF NEW YORK,INC.",-73.9870733,40.76186516
"KINNEY PARKING SYSTEM, LLC",-73.98293712,40.75932848
NYC PARKING GROUP I LLC,-73.95604143,40.77038267
420 EAST 51ST PARKING LLC,-73.96494204,40.75417801
METRO PARKING CORP.,-73.96236714,40.76305919
"CENTRAL PARKING SYSTEM OF NEW YORK,INC.",-74.01058313,40.71133175
QUIK PARK WEST 12TH ST. LLC,-73.99972576,40.736853
10 W. 66TH ST. GARAGE CORP.,-73.97932331,40.77265909
"CENTRAL PARKING SYSTEM OF NEW YORK, INC",-74.00913942,40.7311655
"IMPERIAL PARKING (U.S.), INC",-73.97523807,40.72921992
"PERRY GARAGE COMPANY, INC.",-74.00696412,40.73511261
"CAPABLE CAR PARK, LLC",-73.97962107,40.76709282
"ROYAL CHARTER PROPERTIES, INC.",-73.95537377,40.76463767
920 PARKING CORP.,-73.9598646,40.77654051
RESOURCE PARKING LLC,-73.98530897,40.75796741
SP PLUS CORPORATION,-73.95140728,40.76842929
"NZJJ, LLC",-74.01058507,40.72354594
CHAMPION 55 LLC,-73.96992404,40.75985555
22ND AND SIXTH PARKING LLC,-73.99142924,40.74232022
KNICKERBOCKER GARAGE CORP.,-73.9520441,40.7814753
KRW OPERATING CORP.,-73.96841543,40.79741412
CHAPLAND PARKING LLC,-73.95845597,40.77733598
"WOLF, RAYMOND ET AL",-74.00605982,40.7108243
"E/Z SPRINT, LTD.",-77.51958437,40.11238534
"CENTRAL PARKING SYSTEM OF NEW YORK, INC",-73.98801803,40.74757063
ROX PARKING MANAGEMENT COMPANY LLC,-73.96685821,40.75500475
QUIK PARK CPS LLC,-73.97697165,40.76597795
ENTERPRISE 60 WEST LLC,-73.99021596,40.7719222
TAINO PARKING CORPORATION,-73.93672577,40.80156483
"78 PARKING MANAGEMENT, LLC",-73.95228909,40.77216525
PARK PLACE GARAGE LLC,-74.0094796,40.71294852
"PROPARK AMERICA NEW YORK, LLC",-73.97404563,40.74307242
CITY PARKING LLC,-73.98104009,40.72813959
MP 65 LLC,-73.95950815,40.76301431
AERO PARKING CORP.,-73.98575197,40.74564081
MP EAST 67 LLC,-73.96147434,40.76506256
SUPREME PARKING CORP.,-73.97913408,40.74285388
"KINNEY PARKING SYSTEM, INC.",-73.96694957,40.76001668
T & K PARKING INC.,-73.9946467,40.71652521
"LARDON 575, LLC",-73.94207097,40.82289139
157 57TH THIRD CORP,-73.96862775,40.76072529
"CENTRAL PARKING SYSTEM OF NEW YORK,INC.",-73.97193974,40.75630985
"CENTRAL PARKING SYSTEM OF NEW YORK,INC.",-73.93604534,40.84435734
KING 67 LLC,-73.98418591,40.7751466
"KINNEY PARKING SYSTEM, LLC",-73.98511278,40.76363528
"CENTRAL PARKING SYSTEM OF NEW YORK,INC.",-74.01220732,40.71686229
BARRYVILLE MANAGEMENT CORP,-73.99016731,40.7590823
101 WEST END PARKING LLC,-73.98863409,40.77506478
NYC DESIGN II INC.,-73.9495235,40.81034329
EFFECTIVE PARKING LLC,-73.98682654,40.76839487
245 EAST 19 STREET PARKING LLC,-73.98361069,40.73582804
"KINNEY PARKING SYSTEM, INC.",-73.97161238,40.75371324
STANDARD PARKING CORPORATION,-73.95133866,40.78822705
PRENTUSS CORP,-73.94442964,40.82804712
SURREY GARAGE CORP.,-73.95269454,40.77063111
605 THIRD AVENUE FEE LLC,-73.97434286,40.74903409
CORINTHIAN GARAGE CORPORATION,-73.97310973,40.74610516
MANHATTAN PARKING W 45TH STREET CORP.,-73.98354409,40.7571163
MAJESTIC CAR PARK LLC,-73.95342436,40.78533771
216-10 NY PARKING CORP,-73.91456116,40.87038791
"215 EAST 64TH STREET CO., LLC",-73.96373452,40.76445121
QUIK PARK YORK AVENUE LLC,-73.95616282,40.76696825
57 & 11 PARKING CORP.,-73.99249061,40.7707586
NAGLE GARAGE CORP.,-73.93005125,40.85963912
QUIK PARK 48TH ST. GARAGE CORP.,-73.9691076,40.75347655
205 THIRD PARKING LLC,-73.98528858,40.73587493
"KINNEY PARKING SYSTEM, INC.",-77.51958437,40.11238534
SP PLUS CORPORATION,-74.0037669,40.73126187
24 LEONARD PARKING LLC,-74.00780654,40.71859736
QUIK PARK HUDSON LLC,-73.98889728,40.77731
"CENTRAL PARKING SYSTEM OF NEW YORK,INC.",-73.95323049,40.77345018
CHELSEA 29 PARKING LLC,-74.00306785,40.751337
QUIK PARK 150 CHARLES STREET GARAGE LLC,-74.00881145,40.7340338
STANDARD PARKING CORPORATION,-73.97680249,40.75413984
TPEC 148 LLC,-77.51958437,40.11238534
MP 83 LLC,-73.9500049,40.77541131
200 WEA MANAGEMENT CORP.,-73.98519618,40.77819065
AP 43RD MANAGEMENT LLC,-73.996892,40.76109731
QUIK PARK 86TH ST. LLC,-73.94833244,40.77642887
400 EAST 70TH STREET PARKING LLC,-73.95662531,40.76634537
"CENTRAL PARKING SYSTEM OF NEW YORK, INC",-73.96999558,40.76129931
14TH AND 8TH AVE. LLC,-74.00238529,40.73995729
DEB PARKING LLC,-73.94675861,40.81658079
"PROPARK AMERICA NEW YORK, LLC",-73.96791672,40.79799861
EAST 105TH STREET PARKING LLC,-73.94628763,40.79135655
"CHARLES STREET GARAGE, INC.",-74.0053331,40.73457747
"CENTRAL PARKING SYSTEM OF NEW YORK,INC.",-74.00913942,40.7311655
"CENTRAL PARKING SYSTEM OF NEW YORK,INC.",-73.97463339,40.76325468
1745 BROADWAY PARKING MANAGEMENT CORP.,-73.98205114,40.76529816
"KINNEY PARKING SYSTEM, INC.",-73.97411353,40.75408437
MAGIC PARKING LLC,-73.95293892,40.80797054
304060 PARKING LLC,-73.99347281,40.73180795
QUIK PARK LIBBY LLC,-73.96909676,40.75349301
RIVER YORK BARCLAY LLC,-73.94471951,40.77924055
"IMPERIAL PARKING (U.S.), LLC",-73.95342436,40.78533771
PRIMARY PARKING LLC,-73.99218451,40.76415473
LAIGHT STREET PARKING  LLC,-74.01053799,40.72239314
WHEAT MANAGEMENT CORP.,-73.97070195,40.78851905
"KINNEY PARKING SYSTEM, LLC",-73.98891572,40.75332096
ROX PARKING LLC,-73.96542533,40.75489453
SKY PARKING CORP.,-74.00945482,40.71629164
ARWIN 74TH STREET LLC,-73.95659005,40.77059696
ALLIANCE DAG PARKING LLC,-73.97116129,40.75352374
HESTER PARKING CORP.,-73.99733774,40.71748048
LOUIS PROVENZANO INC.,-74.00780654,40.71859736
SP PLUS CORPORATION,-73.95991305,40.76202359
JO-DASH PARKING CORP.,-73.97854511,40.74516211
MATINEE 52 LLC,-73.98229377,40.76244092
1725 PARKING LLC,-73.94536656,40.77834882
"KINNEY PARKING SYSTEM, LLC",-73.96078858,40.76484549
"DAG PARKING MGMT, LLC",-73.97116129,40.75352374
QUIK PARK EAST 72 LLC,-73.95126413,40.76670828
QUIK PARK EAST 66 LLC,-73.96179866,40.76607273
"CENTRAL PARKING SYSTEM OF NEW YORK,INC.",-73.94668774,40.76524331
22 EAST LLC,-73.98054686,40.7368788
WEST PLAZA GARAGE LLC,-73.9785392,40.74111085
PORT PARKING LLC,-73.98566578,40.76047615
THEATER 50 PARKING LLC,-73.98653171,40.76247992
DIAMOND PARKING CORP.,-77.51958437,40.11238534
207TH STREET PARKING LLC,-73.91806891,40.86409412
HAMILTON REALTY LLC,-73.9451063,40.77870277
"CENTRAL PARKING SYSTEM OF NEW YORK,INC.",-73.98510803,40.76873227
"CENTRAL PARKING SYSTEM OF NEW YORK, INC",-73.95695239,40.77414879
411 WEST 55TH STREET CORP.,-73.98728532,40.76688806
SHERWOOD 21 GARAGE LLC,-74.0051933,40.74642932
TUNNEL 34 PARKING LLC,-73.97709429,40.74527985
"CENTRAL PARKING SYSTEM OF NEW YORK,INC.",-74.00431379,40.70726991
DIVINE PARKING GARAGE CORP,-73.92118497,40.86135708
"CENTRAL PARKING SYSTEM OF NEW YORK,INC.",-73.99604775,40.75375784
60 SUTTON PLACE PARKING LLC,-73.96223076,40.75528603
QUIK PARK WEST 22ND ST. MANAGEMENT LLC,-73.9943595,40.74269369
PEAK TIME PARKING INC.,-73.93224784,40.85746663
EFFICIENT PARKING LLC,-73.99465534,40.74367633
RIVERSIDE CENTER PARKING LLC,-73.99039651,40.77171087
QUIK PARK REGENT LLC,-73.99649371,40.7155701
"KINNEY PARKING SYSTEM, INC.",-73.95270234,40.77997695
"325 FIFTH CAR PARK, LLC",-73.98528242,40.74742758
"KINNEY PARKING SYSTEM, LLC",-73.97342527,40.75122419
CENTURY PARKING LLC,-73.95608475,40.77038268
HEIGHTS MANAGEMENT 176 LLC,-73.93817525,40.84706204
MANSION 88 PARKING LLC,-73.94397839,40.77603434
QUIK PARK TRIBECA LLC,-74.01028208,40.72391925
NASSAU ST. GARAGE CORP.,-74.00620416,40.71140069
STANDARD PARKING CORPORATION,-73.96011536,40.79793853
QUIK PARK CHARLES STREET LLC,-74.0053331,40.73457747
1056 5TH AVE. PARKING LLC,-73.95998763,40.78210688
BLEECKER PARKING CORP.,-74.00460058,40.73410541
PARK RIGHT CORPORATION,-74.00728164,40.73496712
"CENTRAL PARKING SYSTEM OF NEW YORK, INC.",-74.00306785,40.751337
WEST 14TH ST. GARAGE CORP.,-74.00055933,40.7389143
"CENTRAL PARKING SYSTEM OF NEW YORK, INC",-73.97649646,40.74175273
LM BONNEVILLE PARKING LLC,-73.98054686,40.7368788
QUIK PARK WEST 55TH ST. LLC,-77.51958437,40.11238534
MP WEST 30 LLC,-74.00115858,40.75212478
"IMPERIAL PARKING (U.S.), LLC",-73.9756732,40.762813
"CENTRAL PARKING SYSTEM OF NEW YORK, INC",-73.97038325,40.75810727
MERIT PARKING LLC,-77.51958437,40.11238534
"CENTRAL PARKING SYSTEM OF NEW YORK,INC.",-73.9823176,40.76787002
"CENTRAL PARKING SYSTEM OF NEW YORK,INC.",-74.01152173,40.71577269
"CENTRAL PARKING SYSTEM OF NEW YORK,INC.",-73.98657457,40.74681017
PARK 15 WEST LLC,-74.00599049,40.7421063
454 MANAVE GARAGE CORP.,-73.93579664,40.79870706
"KINNEY SYSTEM, INC.",-73.99768973,40.76170941
"CENTRAL PARKING SYSTEM OF NEW YORK,INC.",-73.96399527,40.75623628
QUIK PARK WEST 56 ST. LLC,-77.51958437,40.11238534
"COLUMBUS CIRCLE PARKING, LLC",-73.98340787,40.76782352
"CHAP-SUN GARAGE, L.L.C.",-73.98274222,40.75922689
STANDARD PARKING CORPORATION,-74.01567706,40.71452882
"CENTRAL PARKING SYSTEM OF NEW YORK,INC.",-73.99622167,40.74188681
"TUNNEL PARTNERS, L.L.C.",-73.97578807,40.74473063
IMPARK HSW LLC,-73.95566498,40.77186468
MP 90 LLC,-73.97352909,40.78970546
ASTRO PARKING LLC,-73.98093963,40.77661729
ACTIVE PARKING LLC,-73.9761657,40.78871519
SP PLUS CORPORATION,-73.93956906,40.84060448
"PARK 139TH, LLC",-73.9368315,40.8157606
HEIGHTS 183 PARKING LLC,-73.93007306,40.8492175
18TH AND THIRD PARKING LLC,-73.98537536,40.73504053
CLINTON 53 PARKING LLC,-73.99202179,40.76642463
"CENTRAL PARKING SYSTEM OF NEW YORK,INC.",-73.93315062,40.84764386
WESTSIDE 42 PARKING LLC,-73.99123954,40.75783352
CONSOLIDATED PARKING LLC,-73.98658434,40.73412393
475 PARKING LLC,-73.98241734,40.74559094
B. E. W. PARKING CORP.,-73.98043558,40.78403073
ALLIANCE ETON PARKING LLC,-73.95295197,40.77418291
EXPRESS PARK LLC,-73.95195702,40.77204435
"211 WEST 56TH ST CAR PARK, LLC",-73.98120645,40.76513883
"CENTRAL PARKING SYSTEM OF NEW YORK, INC",-73.98153267,40.76037401
SP PLUS CORPORATION,-73.98801803,40.74757063
LUCKY CAR PARK LLC,-73.94357018,40.81037895
ALLIANCE PARKING WEST 43 ST LLC,-73.99509439,40.7603397
HEIGHTS MANAGEMENT 63 LLC,-73.9540521,40.77048893
"FIESTA CAR PARK, LLC",-77.51958437,40.11238534
MANHATTAN PARKING GOLD CORP,-73.9682861,40.75804358
CHAMPION PARK 85 LLC,-73.95360658,40.77775957
EAST RIVER 72nd GARAGE LLC,-73.95327136,40.76665971
"125 VERTICAL PARKING GROUP, LLC",-73.99891777,40.7181612
21 EAST 12TH STREET GARAGE CORP.,-73.99341485,40.7341904
CLASSIC PARKING LLC,-73.96683398,40.75292422
LEXINGTON GARAGE CORP.,-73.95049857,40.78643438
QUIK PARK HUDSON LLC,-73.98889728,40.77731
"CENTRAL PARKING SYSTEM OF NEW YORK,INC.",-73.97758231,40.76431476
"CENTRAL PARKING SYSTEM OF NEW YORK,INC.",-73.96999558,40.76129931
"KINNEY PARKING SYSTEM, LLC",-73.97821058,40.76387847
"KINNEY PARKING SYSTEM, INC.",-73.9828144,40.75927631
"CHELSEA CAR PARK, LLC",-73.99396601,40.74424994
RAPID MANAGEMENT CORP.,-73.9750494,40.7416591
ULTRA-PARK LLC,-73.98045688,40.78529606
RAMP PARKING CORP.,-73.99674616,40.71690681
23RD STREET PARKING LLC,-77.51958437,40.11238534
QUIK PARK 61ST STREET LLC,-73.95819937,40.76046123
IMPERIAL PARKING US LLC,-73.97962107,40.76709282
PROBE PARKING LLC,-73.96999967,40.75222243
BEEKMAN GARAGE LLC,-77.51958437,40.11238534
METROPOLITAN PARKING GROUP LLC,-73.99353374,40.7361035
"CENTRAL PARKING SYSTEM OF NEW YORK,INC.",-73.9625461,40.7786329
IMPARK 57 LLC,-73.96369437,40.75864332
1749-1753 FIRST AVENUE GARAGE CORP.,-73.94815594,40.78052119
ROPETMAR GARAGE INC.,-74.00449792,40.70993781
ASPEN 36 LLC,-73.98995199,40.77466417
"KINNEY PARKING SYSTEM, LLC",-73.98937378,40.75536858
CAPITAL CAR PARK LLC,-73.95212163,40.76906363
HARL PARKING CORP.,-73.94497094,40.80269165
"KINNEY PARKING SYSTEM, INC.",-73.9603884,40.77002743
136 W. 40TH PARKING LLC,-73.98706766,40.75371601
PARK 115TH LLC,-73.95576284,40.803893
MORNINGSIDE HEIGHTS HOUSING CORPORATION,-73.96051477,40.81262569
REGAL PARKING LLC,-73.98102653,40.75043246
QUIK PARK STANDARD LLC,-73.97848548,40.75099194
ZEPHYR PARKING LLC,-73.97946837,40.74715496
PROUD PARKING LLC,-73.9889756,40.74042614
401 EAST 86TH STREET PARKING LLC,-73.94902904,40.77674208
"ENTERPRISE PARKING COMPANY, LLC",-73.97446302,40.73686114
MERCER PARKING GARAGE CORP.,-77.51958437,40.11238534
TRIBECA PARKING CORP.,-77.51958437,40.11238534
12TH STREET GARAGE CORP.,-73.99359526,40.73426726
"CENTRAL PARKING SYSTEM OF NEW YORK,INC.",-73.99220436,40.74880612
SP PLUS CORPORATION,-74.01220732,40.71686229
CHAMPION LENOX LLC,-73.95887374,40.77321628
"STABLE CAR PARKING, INC.",-73.94758479,40.83180063
"BROOKE GARAGE, INC.",-73.96701327,40.79175409
INTEGRITY PARKING LLC,-73.95776107,40.76855806
"CENTRAL PARKING SYSTEM OF NEW YORK,INC.",-73.95646454,40.77481832
VFC INDUSTRIES LTD.,-73.9438679,40.81288228
"EASTGATE PARKING LEASEHOLD, LLC",-73.97474732,40.74839739
"CENTRAL PARKING SYSTEM OF NEW YORK, INC",-73.97782907,40.76044472
OMNI PARKING LLC,-73.98248162,40.77562942
"CENTRAL PARKING SYSTEM OF NEW YORK,INC.",-73.9728014,40.75878582
TRITO PARKING   PARKING CORP,-73.96403091,40.76375963
"ALLAN GARAGE, LLC",-73.95472797,40.7800107
"CENTRAL PARKING SYSTEM OF NEW YORK,INC.",-74.00401495,40.71605042
QUIK PARK 61ST STREET LLC,-73.96033627,40.76056079
HEIGHTS MANAGEMENT 67 LLC,-77.51958437,40.11238534
"DIAMOND 1 PARKING GARAGE, INC.",-73.92917568,40.86710691
QUIK PARK FG LLC,-73.9582499,40.7604832
SP PLUS CORPORATION,-73.9550589,40.75513524
70 PARK LLC,-73.95662531,40.76634537
EASTSIDE 65 PARKING LLC,-73.96284582,40.76562019
ELKO GARAGE INC.,-73.9698012,40.75214004
QUIK PARK WILSON LLC,-73.97856534,40.78323717
HUDSON TOWER NEWCO LLC,-74.01702146,40.71023308
QUIK PARK W. 23RD ST. LLC,-77.51958437,40.11238534
BUZZ PARKING & MGMT CORP.,-73.99456701,40.72048314
QUIK PARK EAST 87 LLC,-73.94627076,40.77646086
63 PM LLC,-73.95985892,40.76200436
"EMERALD CAR PARK, LLC",-73.94942271,40.77184564
ALLIANCE E. 69TH PARKING LLC,-73.95941565,40.76672516
WELLESLEY PARKING LLC,-73.96084392,40.76896262
PARK MULBERRY CORP,-73.99943726,40.71562779
PARK SAFE LLC,-73.97446302,40.73686114
910 GARAGE CORP.,-73.96922651,40.75389104
"CENTRAL PARKING SYSTEM OF NEW YORK,INC.",-73.95228909,40.77216525
304060 PARKING LLC,-73.9938697,40.73197541
RAPID 75 CORP,-73.96366455,40.77359667
"CENTRAL PARKING SYSTEM OF NEW YORK,INC.",-73.98653581,40.76001789
"CENTRAL PARKING SYSTEM OF NEW YORK, INC.",-73.98086224,40.74440496
QUIK PARK COLUMBIA LLC,-73.97171768,40.79475533
PROTO GARAGE LTD.,-73.97441895,40.74826008
"CENTRAL PARKING SYSTEM OF NEW YORK,INC.",-73.98990565,40.74690109
EAST 24 GARAGE CORP,-73.98210868,40.73925327
"ST. NICHOLAS PARKING MGMT, LLC",-73.94528297,40.82295608
CHAMPION MULBERRY LLC,-73.99943726,40.71562779
IMPERIAL PALACE GARAGE CORP.,-73.96753826,40.75198297
MANHATTAN PARKING E. 71 ST. CORP.,-73.95833189,40.76790502
"BRICIN PARKING, CORP.",-73.97686817,40.76250034
334 PARKING CORP.,-73.94669072,40.78406672
LTG PARKING CORP.,-73.98600869,40.7777214
F&S PARKING LLC,-77.51958437,40.11238534
MARRIOTT INTERNATIONAL,-73.98546772,40.75826661
"NEW REGENT GARAGE CO., LLC",-73.96069127,40.77068901
CHAMPION 42 LLC,-73.97363493,40.75041453
"88TH STREET REALTY, L.P.",-73.94607143,40.77738575
"WH PARKING MGMT, LLC",-73.93471486,40.85215431
"CRYSTAL CAR PARK, LLC",-73.98233238,40.73934937
"SYD PARKING, LLC",-73.96300197,40.75747659
"CHAMPION PARKING 46, LLC",-73.98657207,40.7592274
"KINNEY PARKING SYSTEM, LLC",-73.9791993,40.76515221
STANDARD PARKING CORPORATION,-74.01544187,40.71142453
EASTWAY TENANT CORP.,-77.51958437,40.11238534
"INWOOD NY GARAGE, LLC",-73.93174434,40.85845442
PLAZA GARAGE CORP.,-73.94931448,40.78122162
SWIFT PARKING LLC,-73.95406321,40.78055115
AFFILIATED PARKING LLC,-73.98118179,40.75018546
SP PLUS CORPORATION,-73.97747036,40.76442727
REDBALL PARKING LLC,-73.98073234,40.74433083
"CENTRAL PARKING SYSTEM OF NEW YORK,INC.",-73.95133866,40.78822705
181 PM LLC,-73.93131019,40.84829053
"IMPERIAL PARKING (U.S.), INC",-73.97903205,40.73453452
GALLANT PARKING LLC,-73.95038787,40.78476279
"CENTRAL PARKING SYSTEM OF NEW YORK,INC.",-73.94694233,40.77193785
NEW YORK SKYPORTS INC,-73.97465807,40.73635341
200 E. 90TH STREET GARAGE CORP.,-73.95179151,40.7812364
PROTO PARKING INC,-73.97441895,40.74826008
KEY PARKING LLC,-73.98996228,40.73034475
"IMPERIAL PARKING (U.S.), INC",-73.97433129,40.73224444
"CENTRAL PARKING SYSTEM OF NEW YORK,INC.",-73.95100968,40.76907688
"150TH PARKING LEASEHOLD, LLC",-73.94442964,40.82804712
"QUIK PARK 82ND STREET, LLC",-73.95243164,40.7747783
ZETA PARKING CORP.,-73.9562624,40.77474963
SP PLUS CORPORATION,-73.95323049,40.77345018
BELMONT PARKING LLC,-77.51958437,40.11238534
AMBER PARK LLC,-73.98953605,40.73339413
"CENTRAL PARKING SYSTEM OF NEW YORK,INC.",-73.97038325,40.75810727
SP PLUS CORPORATION,-73.97793735,40.7604914
"CENTRAL PARKING SYSTEM OF NEW YORK,INC.",-73.99134229,40.7448893
"WESTMINSTER CAR PARK, LLC",-73.96419201,40.76626838
"LAZ PARKING NEW YORK / NEW JERSEY, LLC",-74.00999787,40.70520824
LM BONNEVILLE PARKING LLC,-73.98054686,40.7368788
RAPID WEST 102 CORP.,-73.96798172,40.79802607
PINE PARKING CORP.,-74.0060286,40.72449595
MODERN PARKING LLC,-73.97606393,40.76040594
"KURA RIVER MANAGEMENT, LTD.",-74.013186,40.70411825
CENTRAL PARKING SYSTEM OF NEW YORK INC.,-73.9562624,40.77474963
QP 50/70 WEST 93RD STREET LLC,-73.96792756,40.79049726
PEACH PARKING (40TH) CORP.,-77.51958437,40.11238534
"CENTRAL PARKING SYSTEM OF NEW YORK, INC",-73.94694233,40.77193785
IMPARK 92 LLC,-77.51958437,40.11238534
PRECISE PARKING CORP.,-73.98635299,40.73619894
NEWBURY OPERATING LLC,-73.9528768,40.77836311
SECURE PARKING LLC,-73.99696468,40.75040928
MERCURY PARKING LLC,-73.98795749,40.76305922
QP COLUMBIA GARAGE LLC,-73.97171768,40.79475533
ALEXA QP LLC,-73.97694407,40.75180683
171 EAST 84TH STREET NEWCO LLC,-73.95579818,40.77787296
QUIK PARK 808 GARAGE LLC,-73.96588839,40.7951188
"STEWART HOUSE CAR PARK, INC",-73.99068014,40.73140154
INDEPENDENT PARKING LLC,-73.95531409,40.76750315
WESTMONT PARKING INC.,-73.96770985,40.79262711
MIDTOWN AUTO CARE SERVICE INC.,-73.99185283,40.76062497
WEST PLAZA GARAGE LLC,-77.51958437,40.11238534
AMABLE PARKING CORP.,-73.92068888,40.86203193
"KINNEY SYSTEM, INC.",-73.96316023,40.7650137
"PILOT PARKING, LLC",-73.92930726,40.86236415
"ALLIANCE RIVERBANK PARKING, LLC",-73.99723495,40.7603782
EQUITY PARKING LLC,-73.95687871,40.77085233
CREATIVE PARKING LLC,-73.99346863,40.73766526
QP 70 WEST 93RD STREET LLC,-73.96792756,40.79049726
BOWERY FIRST PARKING LLC,-73.99151811,40.72455893
"KINNEY PARKING SYSTEM, INC.",-73.96751595,40.79032423
1010 6TH AVE. GARAGE CORP.,-73.98562788,40.75207174
"IMPERIAL PARKING (U.S.), LLC",-73.98039505,40.7499877
FASHION 35 PARKING LLC,-73.98737871,40.75031531
"KINNEY PARKING SYSTEM, INC.",-73.99484363,40.73560951
"SUMMIT GLORY, LLC",-74.00959076,40.70836201
"CENTRAL PARKING SYSTEM OF NEW YORK,INC.",-73.9535607,40.76588581
"SHELTER PARKING BREVARD, LLC",-73.96789273,40.75789526
EAST 47TH GARAGE CORP.,-73.97161238,40.75371324
TIMES SQUARE 41ST STREET GARAGE LLC,-73.98828006,40.75571706
KC THIRD AVENUE PARKING LLC,-73.98244774,40.7398105
JO-MEG GARAGE CORP.,-73.97776687,40.77375396
AMSTERDAM GARAGE LLC,-73.97303406,40.79038329
"CENTRAL PARKING SYSTEM OF NEW YORK,INC.",-74.01407384,40.70692055
"THE SOCIETY OF THE NEW YORK HOSPITAL FUND, INC.",-73.95418201,40.76533436
WE HAVE CARS INC.,-73.9495235,40.81034329
ENTERPRISE 24 PARKING LLC,-73.99396601,40.74424994
THE FISHER-SIXTH AVENUE CO & HAWAIIAN SIXTH AVE CORP,-73.97853953,40.76249518
CHAMPION PARKING 92 LLC,-73.97010517,40.79058843
"KINNEY PARKING SYSTEM, INC.",-73.96078858,40.76484549
THE HERTZ CORPORATION,-73.94697986,40.77920593
ROX PARKING LLC,-73.96542533,40.75489453
BUZZ PARKING II LLC,-73.99453815,40.72047765
"KINNEY PARKING SYSTEM, INC.",-73.97590088,40.76209118
"CENTRAL PARKING SYSTEM OF NEW YORK,INC.",-73.95313422,40.76660201
200 WEA PARKING CORP.,-73.98519618,40.77819065
KC ONE PARK CORP.,-73.98244774,40.7398105
W. 79TH STREET PARKING CORP.,-73.97856534,40.78323717
LTG PARKING CORP.,-73.98593274,40.77828955
HUDSON OPERATING LLC,-74.01613786,40.71071628
ROPETMAR GARAGE INC.,-74.00271962,40.70867528
WATERFRONT PARKING LLC,-74.00737575,40.70500258
"OLYMPIC PARKING SYSTEMS, LLC",-73.99559394,40.7390844
"PROPARK AMERICA NEW YORK, LLC",-73.97465807,40.73635341
MURRAY PARK GARAGE CO. LLC,-73.98039603,40.74667479
CROSS GARAGE CORP.,-73.95090969,40.7724913
DIAMOND GARAGE INC.,-73.92917568,40.86710691
910 FIFTH GARAGE CORP.,-73.96652461,40.77241455
BV GARAGE CORP.,-73.96789273,40.75789526
AMPCO SYSTEM PARKING,-73.97412623,40.73994892
"CENTRAL PARKING SYSTEM OF NEW YORK,INC.",-73.96179866,40.76607273
"CENTRAL PARKING SYSTEM OF NEW YORK, INC.",-73.97297309,40.78935675
THE HERTZ CORPORATION,-73.989133,40.771063
"IMPERIAL PARKING (U.S.), INC",-73.97905155,40.72989588
"KINNEY PARKING SYSTEM, INC.",-73.99606404,40.72243473
THE HERTZ CORPORATION,-73.99348693,40.73503579
MANHATTAN PARKING E. 35 ST. CORP.,-73.97622797,40.74578745
"ALLIANCE 185TH PARKING, LLC",-73.93471486,40.85215431
ABILITY PARKING CORP.,-73.94330964,40.77697546
MANHATTAN GARAGE EQUITIES,-73.96645561,40.77322972
MTP 59 ST LLC,-73.99164563,40.77212817
MANHATTAN ENTERPRISES INC.,-73.97270632,40.76179952
ENTERPRISE GARAGE CORP.,-73.97280564,40.74840793
EAST 82 ST GARAGE LLC,-73.95243164,40.7747783
"KINNEY PARKING SYSTEM, INC.",-73.97551014,40.76449275
1010 PARKING CORP.,-73.95306566,40.76655258
DIRECT PARKING LLC,-73.97608827,40.762986
E. & B. OPERATING CORP.,-73.96306805,40.80103831
"KINNEY PARKING SYSTEM, INC.",-73.97492349,40.78853652
FIVE STAR PARKING INC.,-73.97412623,40.73994892
RAPID MANAGEMENT CORP.,-73.97332001,40.74369532
"250 PARKING SERVICES, LLC",-73.97441895,40.74826008
REGENCY GARAGE CORP.,-73.96409587,40.7637871
"KINNEY PARKING SYSTEM, INC.",-73.98920934,40.74549846
"300 EAST 34TH STREET GARAGE, LLC",-73.97578807,40.74473063
PV PARKING III CORP,-73.93858371,40.80397296
144 WEST GARAGE LLC,-73.94266045,40.8222604
ANN PARK LLC,-74.00662607,40.71020121
"CENTRAL PARKING SYSTEM OF NEW YORK,INC.",-73.98205114,40.76529816
100 PARK TERRACE WEST OWNERS CORP.,-73.91649722,40.87194282
"CENTRAL PARKING SYSTEM OF NEW YORK,INC.",-77.51958437,40.11238534
BRILLIANT PARKING CORP.,-73.92917568,40.86710691
IMPARK HSW LLC,-73.98008812,40.73842127
ADONIS PARKING LLC,-73.96768262,40.75944323
THE HERTZ CORPORATION,-73.96126232,40.76340741
"KINNEY PARKING SYSTEM, INC.",-73.98511278,40.76363528
"WASH HEIGHTS OPERATING, LLC",-73.9405972,40.83055388
MP BETH PARKING LLC,-74.01648738,40.70926974
"CENTRAL PARKING SYSTEM OF NEW YORK,INC.",-73.96351393,40.76516203
INSTANT PARKING LLC,-73.9510649,40.77253802
"ABM INDUSTRY GROUPS, LLC",-73.97420922,40.73998187
IMPARK HSW LLC,-73.97394453,40.74320689
"WINDSOR GARAGE PARTNERS, LLC",-73.95558612,40.7710028
"CENTRAL PARKING SYSTEM OF NEW YORK, INC.",-74.01058313,40.71133175
HEIGHTS MANAGEMENT 176 LLC,-73.93817525,40.84706204
ROYAL CHARTER PROPERTIES-EAST INC.,-73.95429749,40.76538381
MP BATTERY LLC,-74.01475407,40.71663692
PLYMOUTH PARKING LLC,-73.94658508,40.7807181
520 WEST PARKING CORP.,-73.99624586,40.76082282
BRIDGE PARKING LLC,-77.51958437,40.11238534
HAVEN VIEW GARAGE CORP.,-73.94235347,40.84713557
WEST 31ST GARAGE CORP,-73.99220436,40.74880612
"BENNETT TOWERS APARTMENTS, INC.",-73.93296089,40.85657227
"KINNEY PARKING SYSTEM, INC.",-73.99592496,40.75490514
"KINNEY PARKING SYSTEM, INC.",-73.97342527,40.75122419
ULTIMATE 54 PARKING LLC,-73.97236076,40.75941975
"KINNEY PARKING SYSTEM, INC.",-73.98036424,40.75658332
CHAMPION PARKING 9 LLC,-73.98837845,40.7296639
QUIK PARK HUDSON LLC,-73.98869139,40.77783148
222 WEST 14TH STREET PARKING CORP.,-74.00055933,40.7389143
CORINTHIAN PARKING MANAGEMENT LLC,-73.97274136,40.74674185
"CENTRAL PARKING SYSTEM OF NEW YORK,INC.",-73.97504394,40.78513582
"CENTRAL PARKING SYSTEM OF NEW YORK,INC.",-74.00940626,40.70446995
WEST 79 STREET GARAGE CORP.,-73.97856534,40.78323717
"KINNEY SYSTEM, INC.",-73.96889277,40.75750029
THE HERTZ CORPORATION,-73.95520353,40.77085993
EVER-READY PARKING INC.,-73.9695053,40.75201096
"IMPERIAL PARKING (U.S.), INC",-73.97630096,40.73336747
PINE-WATER GARAGE LLC,-74.00718108,40.7058919
M AND B PARKING LLC,-73.94376624,40.78783385
QUIK PARK HUDSON RIVER 5 LLC,-73.99092318,40.77488658
HOPE PARKING INC.,-73.9500049,40.77541131
MTP OPERATING CORP.,-77.51958437,40.11238534
"CENTRAL PARKING SYSTEM OF NEW YORK,INC.",-73.93876257,40.82942485
NINTH AVENUE PARKING LLC,-73.99514529,40.75537721
SYLVAN MADISON GARAGE CORP.,-73.96966902,40.78877953
87 EAST LLC,-73.95267043,40.779159
"CREEKHILL REALTY, L.L.C.",-77.51958437,40.11238534
RL GARAGE MANAGEMENT 2 LLC,-77.51958437,40.11238534
F. A. J. PARKING CORP.,-73.92068888,40.86203193
"IMPERIAL PARKING (U.S.), LLC",-73.93005125,40.85963912
"IMPERIAL PARKING (U.S.), INC",-73.99198478,40.74401377
WALL STREET GARAGE PARKING CORP.,-73.95212163,40.76906363
PARK RIGHT CORPORATION,-73.99937912,40.76128125
"IMPERIAL PARKING (U.S.), INC",-73.94717478,40.77928562
176 PM LLC,-73.93817525,40.84706204
305 EAST 86TH PARKING LLC,-73.95131385,40.77770373
ZENITH PARKING LLC,-73.98693988,40.76112681
301 EAST 62ND GARAGE CORP.,-73.96282233,40.76243354
"CENTRAL PARKING SYSTEM OF NEW YORK,INC.",-74.01619872,40.70883062
79TH STREET CORP.,-73.95154558,40.77185204
"PENNY LANE CAR PARK, LLC",-73.98209785,40.73926699
"KINNEY PARKING SYSTEM, INC.",-73.9833242,40.75594152
FLATIRON 20 PARKING LLC,-73.9918373,40.74005858
GOLD/PEARL PARKING CORP.,-74.00733633,40.70729446
99 JANE STREET PARKING LLC,-74.00810842,40.73885089
"KINNEY PARKING SYSTEM, INC.",-73.96694957,40.76001668
"CENTRAL PARKING SYSTEM OF NEW YORK,INC.",-73.96736886,40.76622815
"MEGA PARKING SYSTEMS, INC.",-73.95633432,40.76967738
"38TH STREET GARAGE, LLC",-73.98039505,40.7499877
FISHER 40TH & 3RD CO & HAWAIIAN REALTY INC,-73.97434286,40.74903409
STANDARD PARKING CORPORATION,-73.94655918,40.77250034
"ATELIER CAR PARK, LLC",-73.9992239,40.76121538
MTP OPERATING CORP.,-73.99344073,40.76455006
DEPENDABLE PARKING LLC,-73.98260718,40.76489202
DOUBLE GARAGE CORP.,-73.94941475,40.7728063
"SUPREME CAR PARK, LLC",-73.95652183,40.78109007
30 WEST LLC,-73.99612737,40.75002499
"CENTRAL PARKING SYSTEM OF NEW YORK,INC.",-73.97848201,40.78409626
MINT PARKING CORPORATION,-73.92890114,40.86687893
"PARK IN AUTO SERVICES, INC.",-73.99634911,40.72110353
QUIK PARK TRIBECA II LLC,-74.01028208,40.72391925
THE HERTZ CORPORATION,-73.99509439,40.7603397
LEXINGTON 55TH GARAGE CORP.,-73.96974734,40.75947399
"CENTRAL PARKING SYSTEM OF NEW YORK,INC.",-77.51958437,40.11238534
"KINNEY PARKING SYSTEM, INC.",-74.00912706,40.71999983
"FRIARS 50TH STREET GARAGE, INC.",-73.98452123,40.76161233
THE NEW YORK AND PRESBYTERIAN HOSPITAL,-73.95525136,40.76414905
"LEXFORD PROPERTIES, L.P.",-73.95125258,40.7726177
318 EAST 48TH STREET PARKING LLC,-73.96882251,40.7533557
69 EAST LLC,-73.96189156,40.76775254
"ALLIANCE ELEMENT PARKING, LLC",-73.989133,40.771063
QUIK PARK HUDSON RIVER 5 LLC,-73.98995199,40.77466417
SP PLUS CORPORATION,-73.989133,40.771063
177 EAST 73RD STREET GARAGE CORP.,-73.96077068,40.77071923
"CENTRAL PARKING SYSTEM OF NEW YORK,INC.",-73.99087596,40.75065873
1025 FIFTH GARAGE CORP.,-73.96155961,40.77995005
MANHATTAN PARKING 110 LLC,-73.96508944,40.80349547
ENTERPRISE 38 LLC,-73.99826021,40.75671399
"IMPERIAL PARKING (U.S.), LLC",-73.97917874,40.75006709
425 EAST 58 GARAGE CORP,-73.96170544,40.75868385
RICANT PARKING LLC,-73.96499702,40.75258058
SURREY GARAGE 85TH STREET LLC,-73.95360658,40.77775957
MANHATTAN PARKING SYSTEM-SERVICE CORP.,-73.98191111,40.74921942
100 RIVERSIDE PARKING LLC,-73.98922596,40.77667874
KIDS PARKING CORP.,-74.00606386,40.7155398
ALEXA QP LLC,-73.99606404,40.72243473
"CENTRAL PARKING SYSTEM OF NEW YORK,INC.",-73.96899992,40.79095044
"CENTRAL PARKING SYSTEM OF NEW YORK,INC.",-73.98635534,40.75994376
"CENTRAL PARKING SYSTEM OF NEW YORK,INC.",-73.99413851,40.75246498
RIVER 73 PARKING LLC,-73.95181993,40.76690888
330 THIRD PARKING CORP.,-73.93753118,40.84012033
SOY PARKING LLC,-73.95181993,40.76690888
"IMPERIAL PARKING (U.S.), INC",-73.9747038,40.7299554
"ROYAL CHARTER PROPERTIES, INC.",-73.95537377,40.76463767
"KINNEY PARKING SYSTEM, INC.",-73.9791993,40.76515221
BEACON 76TH GARAGE CORP.,-73.98117659,40.78138493
63 PM LLC,-73.96227868,40.766276
8 EAST 83RD PARKING LLC,-73.96139384,40.77938732
"FIFTH AVENUE CAR PARK, LLC",-73.94860847,40.79770616
"PARK ON BROADWAY, INC.",-73.98790077,40.75730897
126TH STREET PARKING CORP.,-73.95371212,40.81292508
CENTRAL HARLEM GARAGE CORP.,-73.9494248,40.80235884
"CENTRAL PARKING SYSTEM OF NEW YORK,INC.",-74.01011201,40.72058438
"KINNEY PARKING SYSTEM, INC.",-73.98937378,40.75536858
ENTERPRISE YORK PARKING LLC,-73.95778008,40.76136135
"IMPERIAL PARKING (U.S.), LLC",-73.95199674,40.77204436
650 PARKING CORP.,-73.96633566,40.76767982
WELCOME PARKING CORP.,-73.95489691,40.77581681
"KINNEY PARKING SYSTEM, INC.",-73.9582606,40.76068906
"RAVNER, HARVEY AND RAVNER,WENDIE AND ZIGELBAUM, LEONARD ETAL",-73.9870733,40.76186516
"COPLEY ASSOCIATES, LLC",-73.98214946,40.77560742
CABRINI GARAGE CORP.,-73.93575109,40.85713652
21ST AND 11TH PARKING LLC,-74.00662612,40.7470523
EAST 124 GARAGE CORP.,-73.93525832,40.80259054
EAST 61ST STREET PARKING GARAGE CORP.,-73.96691183,40.76331859
215 EAST 24TH GARAGE CORP.,-73.98209785,40.73926699
